To honour the JVM settings for this build a single-use Daemon process will be forked. For more on this, please refer to https://docs.gradle.org/9.0.0/userguide/gradle_daemon.html#sec:disabling_the_daemon in the Gradle documentation.
Daemon will be stopped at the end of the build 
Configuration on demand is an incubating feature.
> Task :gradle-plugin:settings-plugin:checkKotlinGradlePluginConfigurationErrors SKIPPED
> Task :gradle-plugin:shared:checkKotlinGradlePluginConfigurationErrors SKIPPED
> Task :gradle-plugin:settings-plugin:pluginDescriptors UP-TO-DATE
> Task :gradle-plugin:settings-plugin:processResources UP-TO-DATE
> Task :gradle-plugin:shared:compileKotlin UP-TO-DATE
> Task :gradle-plugin:shared:compileJava NO-SOURCE
> Task :gradle-plugin:shared:processResources NO-SOURCE
> Task :gradle-plugin:shared:classes UP-TO-DATE
> Task :gradle-plugin:shared:jar UP-TO-DATE
> Task :gradle-plugin:settings-plugin:compileKotlin UP-TO-DATE
> Task :gradle-plugin:settings-plugin:compileJava NO-SOURCE
> Task :gradle-plugin:settings-plugin:classes UP-TO-DATE
> Task :gradle-plugin:settings-plugin:jar UP-TO-DATE
> Task :gradle-plugin:react-native-gradle-plugin:checkKotlinGradlePluginConfigurationErrors SKIPPED
> Task :gradle-plugin:react-native-gradle-plugin:compileKotlin UP-TO-DATE
> Task :gradle-plugin:react-native-gradle-plugin:compileJava NO-SOURCE
> Task :gradle-plugin:react-native-gradle-plugin:pluginDescriptors UP-TO-DATE
> Task :gradle-plugin:react-native-gradle-plugin:processResources UP-TO-DATE
> Task :gradle-plugin:react-native-gradle-plugin:classes UP-TO-DATE
> Task :gradle-plugin:react-native-gradle-plugin:jar UP-TO-DATE

> Configure project :notifee_react-native
:notifee_react-native @notifee/react-native found at /Volumes/Sohail/AI_Projects/mm2values/node_modules/@notifee/react-native
:notifee_react-native package.json found at /Volumes/Sohail/AI_Projects/mm2values/node_modules/@notifee/react-native/package.json
:notifee_react-native:version set from package.json: 9.1.8 (9,1,8 - 9001008)
:notifee_react-native:android.compileSdk using custom value: 36
:notifee_react-native:android.targetSdk using custom value: 36
:notifee_react-native:android.minSdk using custom value: 24
:notifee_react-native:reactNativeAndroidDir /Volumes/Sohail/AI_Projects/mm2values/node_modules/react-native

> Configure project :react-native-firebase_app
:react-native-firebase_app package.json found at /Volumes/Sohail/AI_Projects/mm2values/node_modules/@react-native-firebase/app/package.json
:react-native-firebase_app:firebase.bom using default value: 34.10.0
:react-native-firebase_app:play.play-services-auth using default value: 21.5.0
:react-native-firebase_app package.json found at /Volumes/Sohail/AI_Projects/mm2values/node_modules/@react-native-firebase/app/package.json
:react-native-firebase_app:version set from package.json: 23.8.8 (23,8,8 - 23008008)
:react-native-firebase_app:android.compileSdk using custom value: 36
:react-native-firebase_app:android.targetSdk using custom value: 36
:react-native-firebase_app:android.minSdk using custom value: 24
:react-native-firebase_app:reactNativeAndroidDir /Volumes/Sohail/AI_Projects/mm2values/node_modules/react-native

> Configure project :react-native-firebase_auth
:react-native-firebase_auth package.json found at /Volumes/Sohail/AI_Projects/mm2values/node_modules/@react-native-firebase/auth/package.json
:react-native-firebase_app package.json found at /Volumes/Sohail/AI_Projects/mm2values/node_modules/@react-native-firebase/app/package.json
:react-native-firebase_auth:firebase.bom using default value: 34.10.0
:react-native-firebase_auth package.json found at /Volumes/Sohail/AI_Projects/mm2values/node_modules/@react-native-firebase/auth/package.json
:react-native-firebase_auth:version set from package.json: 23.8.8 (23,8,8 - 23008008)
:react-native-firebase_auth:android.compileSdk using custom value: 36
:react-native-firebase_auth:android.targetSdk using custom value: 36
:react-native-firebase_auth:android.minSdk using custom value: 24
:react-native-firebase_auth:reactNativeAndroidDir /Volumes/Sohail/AI_Projects/mm2values/node_modules/react-native

> Configure project :react-native-firebase_crashlytics
:react-native-firebase_crashlytics package.json found at /Volumes/Sohail/AI_Projects/mm2values/node_modules/@react-native-firebase/crashlytics/package.json
:react-native-firebase_app package.json found at /Volumes/Sohail/AI_Projects/mm2values/node_modules/@react-native-firebase/app/package.json
:react-native-firebase_crashlytics:firebase.bom using default value: 34.10.0
:react-native-firebase_crashlytics package.json found at /Volumes/Sohail/AI_Projects/mm2values/node_modules/@react-native-firebase/crashlytics/package.json
:react-native-firebase_crashlytics:version set from package.json: 23.8.8 (23,8,8 - 23008008)
:react-native-firebase_crashlytics:android.compileSdk using custom value: 36
:react-native-firebase_crashlytics:android.targetSdk using custom value: 36
:react-native-firebase_crashlytics:android.minSdk using custom value: 24
:react-native-firebase_crashlytics:reactNativeAndroidDir /Volumes/Sohail/AI_Projects/mm2values/node_modules/react-native

> Configure project :react-native-firebase_database
:react-native-firebase_database package.json found at /Volumes/Sohail/AI_Projects/mm2values/node_modules/@react-native-firebase/database/package.json
:react-native-firebase_app package.json found at /Volumes/Sohail/AI_Projects/mm2values/node_modules/@react-native-firebase/app/package.json
:react-native-firebase_database:firebase.bom using default value: 34.10.0
:react-native-firebase_database package.json found at /Volumes/Sohail/AI_Projects/mm2values/node_modules/@react-native-firebase/database/package.json
:react-native-firebase_database:version set from package.json: 23.8.8 (23,8,8 - 23008008)
:react-native-firebase_database:android.compileSdk using custom value: 36
:react-native-firebase_database:android.targetSdk using custom value: 36
:react-native-firebase_database:android.minSdk using custom value: 24
:react-native-firebase_database:reactNativeAndroidDir /Volumes/Sohail/AI_Projects/mm2values/node_modules/react-native

> Configure project :react-native-firebase_firestore
:react-native-firebase_firestore package.json found at /Volumes/Sohail/AI_Projects/mm2values/node_modules/@react-native-firebase/firestore/package.json
:react-native-firebase_app package.json found at /Volumes/Sohail/AI_Projects/mm2values/node_modules/@react-native-firebase/app/package.json
:react-native-firebase_firestore:firebase.bom using default value: 34.10.0
:react-native-firebase_firestore package.json found at /Volumes/Sohail/AI_Projects/mm2values/node_modules/@react-native-firebase/firestore/package.json
:react-native-firebase_firestore:version set from package.json: 23.8.8 (23,8,8 - 23008008)
:react-native-firebase_firestore:android.compileSdk using custom value: 36
:react-native-firebase_firestore:android.targetSdk using custom value: 36
:react-native-firebase_firestore:android.minSdk using custom value: 24
:react-native-firebase_firestore:reactNativeAndroidDir /Volumes/Sohail/AI_Projects/mm2values/node_modules/react-native

> Configure project :react-native-firebase_messaging
:react-native-firebase_messaging package.json found at /Volumes/Sohail/AI_Projects/mm2values/node_modules/@react-native-firebase/messaging/package.json
:react-native-firebase_app package.json found at /Volumes/Sohail/AI_Projects/mm2values/node_modules/@react-native-firebase/app/package.json
:react-native-firebase_messaging:firebase.bom using default value: 34.10.0
:react-native-firebase_messaging package.json found at /Volumes/Sohail/AI_Projects/mm2values/node_modules/@react-native-firebase/messaging/package.json
:react-native-firebase_messaging:version set from package.json: 23.8.8 (23,8,8 - 23008008)
:react-native-firebase_messaging:android.compileSdk using custom value: 36
:react-native-firebase_messaging:android.targetSdk using custom value: 36
:react-native-firebase_messaging:android.minSdk using custom value: 24
:react-native-firebase_messaging:reactNativeAndroidDir /Volumes/Sohail/AI_Projects/mm2values/node_modules/react-native

> Configure project :react-native-google-mobile-ads
:react-native-google-mobile-ads package.json found at /Volumes/Sohail/AI_Projects/mm2values/node_modules/react-native-google-mobile-ads/package.json
:react-native-google-mobile-ads package.json found at /Volumes/Sohail/AI_Projects/mm2values/node_modules/react-native-google-mobile-ads/package.json
:react-native-google-mobile-ads:version set from package.json: 16.3.0 (16,3,0 - 16003000)
:react-native-google-mobile-ads:android.compileSdk using custom value: 36
:react-native-google-mobile-ads:android.targetSdk using custom value: 36
:react-native-google-mobile-ads:android.minSdk using custom value: 24
:react-native-google-mobile-ads:reactNativeAndroidDir /Volumes/Sohail/AI_Projects/mm2values/node_modules/react-native

> Configure project :react-native-mmkv
[NitroModules] 🔥 NitroMmkv is boosted by nitro!

> Configure project :react-native-nitro-modules
[NitroModules] 🔥 Your app is boosted by nitro modules!
WARNING: The specified Android SDK Build Tools version (34.0.0) is ignored, as it is below the minimum supported version (35.0.0) for Android Gradle Plugin 8.12.0.
Android SDK Build Tools 35.0.0 will be used.
To suppress this warning, remove "buildToolsVersion '34.0.0'" from your build.gradle file, as each version of the Android Gradle Plugin now has a default version of the build tools.

> Task :notifee_react-native:preBuild UP-TO-DATE
> Task :mixpanel-react-native:preBuild UP-TO-DATE
> Task :invertase_react-native-apple-authentication:preBuild UP-TO-DATE
> Task :mixpanel-react-native:preReleaseBuild UP-TO-DATE
> Task :invertase_react-native-apple-authentication:preReleaseBuild UP-TO-DATE
> Task :notifee_react-native:preReleaseBuild UP-TO-DATE
> Task :mixpanel-react-native:generateReleaseResValues UP-TO-DATE
> Task :notifee_react-native:generateReleaseResValues UP-TO-DATE
> Task :invertase_react-native-apple-authentication:generateReleaseResValues UP-TO-DATE
> Task :react-native-community_blur:generateCodegenSchemaFromJavaScript UP-TO-DATE
> Task :react-native-bootsplash:generateCodegenSchemaFromJavaScript UP-TO-DATE
> Task :mixpanel-react-native:generateReleaseResources UP-TO-DATE
> Task :notifee_react-native:generateReleaseResources UP-TO-DATE
> Task :invertase_react-native-apple-authentication:generateReleaseResources UP-TO-DATE
> Task :react-native-clipboard_clipboard:generateCodegenSchemaFromJavaScript UP-TO-DATE
> Task :react-native-camera-roll_camera-roll:generateCodegenSchemaFromJavaScript UP-TO-DATE
> Task :mixpanel-react-native:packageReleaseResources UP-TO-DATE
> Task :notifee_react-native:packageReleaseResources UP-TO-DATE
> Task :react-native-device-info:preBuild UP-TO-DATE
> Task :react-native-device-info:preReleaseBuild UP-TO-DATE
> Task :invertase_react-native-apple-authentication:packageReleaseResources UP-TO-DATE
> Task :react-native-device-info:generateReleaseResValues UP-TO-DATE
> Task :react-native-firebase_app:preBuild UP-TO-DATE
> Task :react-native-firebase_app:preReleaseBuild UP-TO-DATE
> Task :react-native-firebase_app:generateReleaseResValues UP-TO-DATE
> Task :react-native-device-info:generateReleaseResources UP-TO-DATE
> Task :react-native-bootsplash:generateCodegenArtifactsFromSchema UP-TO-DATE
> Task :react-native-bootsplash:preBuild UP-TO-DATE
> Task :react-native-bootsplash:preReleaseBuild UP-TO-DATE
> Task :react-native-clipboard_clipboard:generateCodegenArtifactsFromSchema UP-TO-DATE
> Task :react-native-firebase_app:generateReleaseResources UP-TO-DATE
> Task :react-native-clipboard_clipboard:preBuild UP-TO-DATE
> Task :react-native-clipboard_clipboard:preReleaseBuild UP-TO-DATE
> Task :react-native-bootsplash:generateReleaseResValues UP-TO-DATE
> Task :react-native-community_blur:generateCodegenArtifactsFromSchema UP-TO-DATE
> Task :react-native-community_blur:preBuild UP-TO-DATE
> Task :react-native-community_blur:preReleaseBuild UP-TO-DATE
> Task :react-native-clipboard_clipboard:generateReleaseResValues UP-TO-DATE
> Task :react-native-device-info:packageReleaseResources UP-TO-DATE
> Task :react-native-community_blur:generateReleaseResValues UP-TO-DATE
> Task :react-native-firebase_auth:preBuild UP-TO-DATE
> Task :react-native-firebase_auth:preReleaseBuild UP-TO-DATE
> Task :react-native-clipboard_clipboard:generateReleaseResources UP-TO-DATE
> Task :react-native-compressor:generateCodegenSchemaFromJavaScript UP-TO-DATE
> Task :react-native-firebase_auth:generateReleaseResValues UP-TO-DATE
> Task :react-native-camera-roll_camera-roll:generateCodegenArtifactsFromSchema UP-TO-DATE
> Task :react-native-community_blur:generateReleaseResources UP-TO-DATE
> Task :react-native-camera-roll_camera-roll:preBuild UP-TO-DATE
> Task :react-native-firebase_auth:generateReleaseResources UP-TO-DATE
> Task :react-native-camera-roll_camera-roll:preReleaseBuild UP-TO-DATE
> Task :react-native-firebase_app:packageReleaseResources UP-TO-DATE
> Task :react-native-camera-roll_camera-roll:generateReleaseResValues UP-TO-DATE
> Task :react-native-firebase_crashlytics:preBuild UP-TO-DATE
> Task :react-native-firebase_crashlytics:preReleaseBuild UP-TO-DATE
> Task :react-native-firebase_crashlytics:generateReleaseResValues UP-TO-DATE
> Task :react-native-camera-roll_camera-roll:generateReleaseResources UP-TO-DATE
> Task :react-native-compressor:generateCodegenArtifactsFromSchema UP-TO-DATE
> Task :react-native-bootsplash:generateReleaseResources UP-TO-DATE
> Task :react-native-compressor:preBuild UP-TO-DATE
> Task :react-native-compressor:preReleaseBuild UP-TO-DATE
> Task :react-native-clipboard_clipboard:packageReleaseResources UP-TO-DATE
> Task :react-native-firebase_database:preBuild UP-TO-DATE
> Task :react-native-firebase_database:preReleaseBuild UP-TO-DATE
> Task :react-native-community_blur:packageReleaseResources UP-TO-DATE
> Task :react-native-firebase_firestore:preBuild UP-TO-DATE
> Task :react-native-firebase_firestore:preReleaseBuild UP-TO-DATE
> Task :react-native-camera-roll_camera-roll:packageReleaseResources UP-TO-DATE
> Task :react-native-firebase_messaging:preBuild UP-TO-DATE
> Task :react-native-firebase_messaging:preReleaseBuild UP-TO-DATE
> Task :react-native-firebase_database:generateReleaseResValues UP-TO-DATE
> Task :react-native-firebase_firestore:generateReleaseResValues UP-TO-DATE
> Task :react-native-firebase_messaging:generateReleaseResValues UP-TO-DATE
> Task :react-native-firebase_database:generateReleaseResources UP-TO-DATE
> Task :react-native-firebase_firestore:generateReleaseResources UP-TO-DATE
> Task :react-native-firebase_messaging:generateReleaseResources UP-TO-DATE
> Task :react-native-bootsplash:packageReleaseResources UP-TO-DATE
> Task :react-native-fs:preBuild UP-TO-DATE
> Task :react-native-fs:preReleaseBuild UP-TO-DATE
> Task :react-native-firebase_firestore:packageReleaseResources UP-TO-DATE
> Task :react-native-firebase_database:packageReleaseResources UP-TO-DATE
> Task :react-native-firebase_messaging:packageReleaseResources UP-TO-DATE
> Task :react-native-fs:generateReleaseResValues UP-TO-DATE
> Task :react-native-gesture-handler:generateCodegenSchemaFromJavaScript UP-TO-DATE
> Task :react-native-fs:generateReleaseResources UP-TO-DATE
> Task :react-native-google-signin_google-signin:generateCodegenSchemaFromJavaScript UP-TO-DATE
> Task :react-native-google-mobile-ads:generateCodegenSchemaFromJavaScript UP-TO-DATE
> Task :react-native-gesture-handler:generateCodegenArtifactsFromSchema UP-TO-DATE
> Task :react-native-gesture-handler:preBuild UP-TO-DATE
> Task :react-native-fs:packageReleaseResources UP-TO-DATE
> Task :react-native-gesture-handler:preReleaseBuild UP-TO-DATE
> Task :react-native-google-signin_google-signin:generateCodegenArtifactsFromSchema UP-TO-DATE
> Task :react-native-google-signin_google-signin:preBuild UP-TO-DATE
> Task :react-native-google-signin_google-signin:preReleaseBuild UP-TO-DATE
> Task :react-native-gesture-handler:generateReleaseResValues UP-TO-DATE
> Task :react-native-google-signin_google-signin:generateReleaseResValues UP-TO-DATE
> Task :react-native-google-mobile-ads:generateCodegenArtifactsFromSchema UP-TO-DATE
> Task :react-native-google-signin_google-signin:generateReleaseResources UP-TO-DATE
> Task :react-native-google-mobile-ads:preBuild UP-TO-DATE
> Task :react-native-haptic-feedback:generateCodegenSchemaFromJavaScript UP-TO-DATE
> Task :react-native-gesture-handler:generateReleaseResources UP-TO-DATE
> Task :react-native-google-mobile-ads:preReleaseBuild UP-TO-DATE
> Task :react-native-google-mobile-ads:generateReleaseResValues UP-TO-DATE
> Task :react-native-google-mobile-ads:generateReleaseResources UP-TO-DATE
> Task :react-native-haptic-feedback:generateCodegenArtifactsFromSchema UP-TO-DATE
> Task :react-native-haptic-feedback:preBuild UP-TO-DATE
> Task :react-native-haptic-feedback:preReleaseBuild UP-TO-DATE
> Task :react-native-haptic-feedback:generateReleaseResValues UP-TO-DATE
> Task :react-native-haptic-feedback:generateReleaseResources UP-TO-DATE
> Task :react-native-haptic-feedback:packageReleaseResources UP-TO-DATE
> Task :react-native-image-picker:generateCodegenSchemaFromJavaScript UP-TO-DATE
> Task :react-native-image-picker:generateCodegenArtifactsFromSchema UP-TO-DATE
> Task :react-native-image-picker:preBuild UP-TO-DATE
> Task :react-native-image-picker:preReleaseBuild UP-TO-DATE
> Task :react-native-image-picker:generateReleaseResValues UP-TO-DATE
> Task :react-native-image-picker:generateReleaseResources UP-TO-DATE
> Task :react-native-image-picker:packageReleaseResources UP-TO-DATE
> Task :react-native-in-app-review:preBuild UP-TO-DATE
> Task :react-native-in-app-review:preReleaseBuild UP-TO-DATE
> Task :react-native-in-app-review:generateReleaseResValues UP-TO-DATE
> Task :react-native-in-app-review:generateReleaseResources UP-TO-DATE
> Task :react-native-in-app-review:packageReleaseResources UP-TO-DATE
> Task :react-native-compressor:generateReleaseResValues UP-TO-DATE
> Task :react-native-gesture-handler:packageReleaseResources UP-TO-DATE
> Task :react-native-firebase_crashlytics:generateReleaseResources UP-TO-DATE
> Task :react-native-localize:generateCodegenSchemaFromJavaScript UP-TO-DATE
> Task :react-native-compressor:generateReleaseResources UP-TO-DATE
> Task :react-native-firebase_auth:packageReleaseResources UP-TO-DATE
> Task :react-native-google-mobile-ads:packageReleaseResources UP-TO-DATE
> Task :react-native-google-signin_google-signin:packageReleaseResources UP-TO-DATE
> Task :react-native-purchases:preBuild UP-TO-DATE
> Task :react-native-purchases:preReleaseBuild UP-TO-DATE
> Task :react-native-purchases:generateReleaseResValues UP-TO-DATE
> Task :react-native-purchases:generateReleaseResources UP-TO-DATE
> Task :react-native-firebase_crashlytics:packageReleaseResources UP-TO-DATE
> Task :react-native-localize:generateCodegenArtifactsFromSchema UP-TO-DATE
> Task :react-native-compressor:packageReleaseResources UP-TO-DATE
> Task :react-native-localize:preBuild UP-TO-DATE
> Task :react-native-localize:preReleaseBuild UP-TO-DATE
> Task :react-native-nitro-modules:generateCodegenSchemaFromJavaScript UP-TO-DATE
> Task :react-native-localize:generateReleaseResValues UP-TO-DATE
> Task :react-native-safe-area-context:generateCodegenSchemaFromJavaScript UP-TO-DATE
> Task :react-native-localize:generateReleaseResources UP-TO-DATE
> Task :react-native-purchases:packageReleaseResources UP-TO-DATE
> Task :react-native-nitro-modules:generateCodegenArtifactsFromSchema UP-TO-DATE
> Task :react-native-localize:packageReleaseResources UP-TO-DATE
> Task :react-native-safe-area-context:generateCodegenArtifactsFromSchema UP-TO-DATE
> Task :react-native-safe-area-context:preBuild UP-TO-DATE
> Task :react-native-safe-area-context:preReleaseBuild UP-TO-DATE
> Task :react-native-share:generateCodegenSchemaFromJavaScript UP-TO-DATE
> Task :react-native-safe-area-context:generateReleaseResValues UP-TO-DATE
> Task :react-native-screens:generateCodegenSchemaFromJavaScript UP-TO-DATE
> Task :react-native-safe-area-context:generateReleaseResources UP-TO-DATE
> Task :react-native-share:generateCodegenArtifactsFromSchema UP-TO-DATE
> Task :react-native-share:preBuild UP-TO-DATE
> Task :react-native-share:preReleaseBuild UP-TO-DATE
> Task :react-native-safe-area-context:packageReleaseResources UP-TO-DATE
> Task :react-native-share:generateReleaseResValues UP-TO-DATE
> Task :react-native-sound:generateCodegenSchemaFromJavaScript UP-TO-DATE
> Task :react-native-mmkv:generateCodegenSchemaFromJavaScript UP-TO-DATE
> Task :react-native-share:generateReleaseResources UP-TO-DATE
> Task :react-native-screens:generateCodegenArtifactsFromSchema UP-TO-DATE
> Task :react-native-screens:preBuild UP-TO-DATE
> Task :react-native-screens:preReleaseBuild UP-TO-DATE
> Task :react-native-sound:generateCodegenArtifactsFromSchema UP-TO-DATE
> Task :react-native-sound:preBuild UP-TO-DATE
> Task :react-native-mmkv:generateCodegenArtifactsFromSchema UP-TO-DATE
> Task :react-native-sound:preReleaseBuild UP-TO-DATE
> Task :react-native-mmkv:preBuild UP-TO-DATE
> Task :react-native-mmkv:preReleaseBuild UP-TO-DATE
> Task :react-native-share:packageReleaseResources UP-TO-DATE
> Task :react-native-mmkv:generateReleaseResValues UP-TO-DATE
> Task :react-native-sound:generateReleaseResValues UP-TO-DATE
> Task :react-native-mmkv:generateReleaseResources UP-TO-DATE
> Task :react-native-sound:generateReleaseResources UP-TO-DATE
> Task :react-native-purchases-ui:generateCodegenSchemaFromJavaScript UP-TO-DATE
> Task :react-native-screens:generateReleaseResValues UP-TO-DATE
> Task :react-native-sound:packageReleaseResources UP-TO-DATE
> Task :react-native-system-navigation-bar:preBuild UP-TO-DATE
> Task :react-native-system-navigation-bar:preReleaseBuild UP-TO-DATE
> Task :react-native-mmkv:packageReleaseResources UP-TO-DATE
> Task :react-native-purchases-ui:generateCodegenArtifactsFromSchema UP-TO-DATE
> Task :react-native-purchases-ui:preBuild UP-TO-DATE
> Task :react-native-purchases-ui:preReleaseBuild UP-TO-DATE
> Task :react-native-system-navigation-bar:generateReleaseResValues UP-TO-DATE
> Task :react-native-purchases-ui:generateReleaseResValues UP-TO-DATE
> Task :react-native-svg:generateCodegenSchemaFromJavaScript UP-TO-DATE
> Task :react-native-system-navigation-bar:generateReleaseResources UP-TO-DATE
> Task :react-native-purchases-ui:generateReleaseResources UP-TO-DATE
> Task :react-native-screens:generateReleaseResources UP-TO-DATE
> Task :react-native-vector-icons:generateCodegenSchemaFromJavaScript UP-TO-DATE
> Task :react-native-purchases-ui:packageReleaseResources UP-TO-DATE
> Task :react-native-system-navigation-bar:packageReleaseResources UP-TO-DATE
> Task :react-native-vector-icons:generateCodegenArtifactsFromSchema UP-TO-DATE
> Task :react-native-vector-icons:preBuild UP-TO-DATE
> Task :react-native-vector-icons:preReleaseBuild UP-TO-DATE
> Task :react-native-vector-icons:generateReleaseResValues UP-TO-DATE
> Task :react-native-vector-icons:generateReleaseResources UP-TO-DATE
> Task :react-native-view-shot:generateCodegenSchemaFromJavaScript UP-TO-DATE
> Task :react-native-screens:packageReleaseResources UP-TO-DATE
> Task :sp-react-native-in-app-updates:preBuild UP-TO-DATE
> Task :sp-react-native-in-app-updates:preReleaseBuild UP-TO-DATE
> Task :react-native-svg:generateCodegenArtifactsFromSchema UP-TO-DATE
> Task :react-native-svg:preBuild UP-TO-DATE
> Task :react-native-svg:preReleaseBuild UP-TO-DATE
> Task :sp-react-native-in-app-updates:generateReleaseResValues UP-TO-DATE
> Task :react-native-svg:generateReleaseResValues UP-TO-DATE
> Task :sp-react-native-in-app-updates:generateReleaseResources UP-TO-DATE
> Task :react-native-vector-icons:packageReleaseResources UP-TO-DATE
> Task :react-native-svg:generateReleaseResources UP-TO-DATE
> Task :react-native-view-shot:generateCodegenArtifactsFromSchema UP-TO-DATE
> Task :invertase_react-native-apple-authentication:extractDeepLinksRelease UP-TO-DATE
> Task :react-native-view-shot:preBuild UP-TO-DATE
> Task :react-native-view-shot:preReleaseBuild UP-TO-DATE
> Task :sp-react-native-in-app-updates:packageReleaseResources UP-TO-DATE
> Task :react-native-view-shot:generateReleaseResValues UP-TO-DATE
> Task :mixpanel-react-native:extractDeepLinksRelease UP-TO-DATE
> Task :invertase_react-native-apple-authentication:processReleaseManifest UP-TO-DATE
> Task :react-native-view-shot:generateReleaseResources UP-TO-DATE
> Task :notifee_react-native:extractDeepLinksRelease UP-TO-DATE
> Task :react-native-svg:packageReleaseResources UP-TO-DATE
> Task :react-native-bootsplash:extractDeepLinksRelease UP-TO-DATE
> Task :mixpanel-react-native:processReleaseManifest UP-TO-DATE
> Task :notifee_react-native:processReleaseManifest UP-TO-DATE
> Task :react-native-view-shot:packageReleaseResources UP-TO-DATE
> Task :react-native-camera-roll_camera-roll:extractDeepLinksRelease UP-TO-DATE
> Task :react-native-clipboard_clipboard:extractDeepLinksRelease UP-TO-DATE
> Task :react-native-community_blur:extractDeepLinksRelease UP-TO-DATE
> Task :react-native-bootsplash:processReleaseManifest UP-TO-DATE
> Task :react-native-camera-roll_camera-roll:processReleaseManifest UP-TO-DATE
> Task :react-native-compressor:extractDeepLinksRelease UP-TO-DATE
> Task :react-native-device-info:extractDeepLinksRelease UP-TO-DATE
> Task :react-native-community_blur:processReleaseManifest UP-TO-DATE
> Task :react-native-firebase_app:extractDeepLinksRelease UP-TO-DATE
> Task :react-native-device-info:processReleaseManifest UP-TO-DATE
> Task :react-native-firebase_auth:extractDeepLinksRelease UP-TO-DATE
> Task :react-native-nitro-modules:prepareHeaders UP-TO-DATE
> Task :react-native-firebase_app:processReleaseManifest UP-TO-DATE
> Task :react-native-nitro-modules:preBuild UP-TO-DATE
> Task :react-native-clipboard_clipboard:processReleaseManifest UP-TO-DATE
> Task :react-native-firebase_crashlytics:extractDeepLinksRelease UP-TO-DATE
> Task :react-native-nitro-modules:preReleaseBuild UP-TO-DATE
> Task :react-native-compressor:processReleaseManifest UP-TO-DATE
> Task :react-native-firebase_database:extractDeepLinksRelease UP-TO-DATE
> Task :react-native-firebase_firestore:extractDeepLinksRelease UP-TO-DATE
> Task :react-native-nitro-modules:generateReleaseResValues UP-TO-DATE
> Task :react-native-firebase_auth:processReleaseManifest UP-TO-DATE
> Task :react-native-firebase_messaging:extractDeepLinksRelease UP-TO-DATE
> Task :react-native-nitro-modules:generateReleaseResources UP-TO-DATE
> Task :react-native-firebase_firestore:processReleaseManifest UP-TO-DATE
> Task :react-native-firebase_database:processReleaseManifest UP-TO-DATE
> Task :react-native-firebase_crashlytics:processReleaseManifest UP-TO-DATE
> Task :react-native-fs:extractDeepLinksRelease UP-TO-DATE
> Task :react-native-gesture-handler:extractDeepLinksRelease UP-TO-DATE
> Task :react-native-nitro-modules:packageReleaseResources UP-TO-DATE
> Task :react-native-google-mobile-ads:extractDeepLinksRelease UP-TO-DATE
> Task :react-native-firebase_messaging:processReleaseManifest UP-TO-DATE
> Task :react-native-google-signin_google-signin:extractDeepLinksRelease UP-TO-DATE
> Task :react-native-haptic-feedback:extractDeepLinksRelease UP-TO-DATE
> Task :react-native-google-mobile-ads:processReleaseManifest UP-TO-DATE
> Task :react-native-gesture-handler:processReleaseManifest UP-TO-DATE
> Task :react-native-fs:processReleaseManifest UP-TO-DATE
> Task :react-native-haptic-feedback:processReleaseManifest UP-TO-DATE
> Task :react-native-google-signin_google-signin:processReleaseManifest UP-TO-DATE
> Task :react-native-image-picker:extractDeepLinksRelease UP-TO-DATE
> Task :react-native-localize:extractDeepLinksRelease UP-TO-DATE
> Task :react-native-in-app-review:extractDeepLinksRelease UP-TO-DATE
> Task :react-native-mmkv:extractDeepLinksRelease UP-TO-DATE
> Task :react-native-nitro-modules:extractDeepLinksRelease UP-TO-DATE
> Task :react-native-localize:processReleaseManifest UP-TO-DATE
> Task :react-native-image-picker:processReleaseManifest UP-TO-DATE
> Task :react-native-in-app-review:processReleaseManifest UP-TO-DATE
> Task :react-native-mmkv:processReleaseManifest UP-TO-DATE
> Task :react-native-nitro-modules:processReleaseManifest UP-TO-DATE
> Task :react-native-purchases:extractDeepLinksRelease UP-TO-DATE
> Task :react-native-safe-area-context:extractDeepLinksRelease UP-TO-DATE
> Task :react-native-purchases-ui:extractDeepLinksRelease UP-TO-DATE
> Task :react-native-share:extractDeepLinksRelease UP-TO-DATE
> Task :react-native-screens:extractDeepLinksRelease UP-TO-DATE
> Task :react-native-safe-area-context:processReleaseManifest UP-TO-DATE
> Task :react-native-purchases:processReleaseManifest UP-TO-DATE
> Task :react-native-share:processReleaseManifest UP-TO-DATE
> Task :react-native-screens:processReleaseManifest UP-TO-DATE
> Task :react-native-purchases-ui:processReleaseManifest UP-TO-DATE
> Task :react-native-svg:extractDeepLinksRelease UP-TO-DATE
> Task :react-native-system-navigation-bar:extractDeepLinksRelease UP-TO-DATE
> Task :react-native-sound:extractDeepLinksRelease UP-TO-DATE
> Task :react-native-vector-icons:extractDeepLinksRelease UP-TO-DATE
> Task :react-native-view-shot:extractDeepLinksRelease UP-TO-DATE
> Task :react-native-sound:processReleaseManifest UP-TO-DATE
> Task :react-native-system-navigation-bar:processReleaseManifest UP-TO-DATE
> Task :react-native-svg:processReleaseManifest UP-TO-DATE
> Task :react-native-vector-icons:processReleaseManifest UP-TO-DATE
> Task :sp-react-native-in-app-updates:extractDeepLinksRelease UP-TO-DATE
> Task :mixpanel-react-native:writeReleaseAarMetadata UP-TO-DATE
> Task :invertase_react-native-apple-authentication:writeReleaseAarMetadata UP-TO-DATE
> Task :notifee_react-native:writeReleaseAarMetadata UP-TO-DATE
> Task :react-native-bootsplash:writeReleaseAarMetadata UP-TO-DATE
> Task :sp-react-native-in-app-updates:processReleaseManifest UP-TO-DATE
> Task :react-native-view-shot:processReleaseManifest UP-TO-DATE
> Task :react-native-camera-roll_camera-roll:writeReleaseAarMetadata UP-TO-DATE
> Task :react-native-firebase_app:writeReleaseAarMetadata UP-TO-DATE
> Task :react-native-community_blur:writeReleaseAarMetadata UP-TO-DATE
> Task :react-native-device-info:writeReleaseAarMetadata UP-TO-DATE
> Task :react-native-compressor:writeReleaseAarMetadata UP-TO-DATE
> Task :react-native-firebase_auth:writeReleaseAarMetadata UP-TO-DATE
> Task :react-native-firebase_crashlytics:writeReleaseAarMetadata UP-TO-DATE
> Task :react-native-clipboard_clipboard:writeReleaseAarMetadata UP-TO-DATE
> Task :react-native-firebase_firestore:writeReleaseAarMetadata UP-TO-DATE
> Task :react-native-firebase_messaging:writeReleaseAarMetadata UP-TO-DATE
> Task :react-native-firebase_database:writeReleaseAarMetadata UP-TO-DATE
> Task :react-native-fs:writeReleaseAarMetadata UP-TO-DATE
> Task :react-native-gesture-handler:writeReleaseAarMetadata UP-TO-DATE
> Task :react-native-google-mobile-ads:writeReleaseAarMetadata UP-TO-DATE
> Task :react-native-google-signin_google-signin:writeReleaseAarMetadata UP-TO-DATE
> Task :react-native-haptic-feedback:writeReleaseAarMetadata UP-TO-DATE
> Task :react-native-image-picker:writeReleaseAarMetadata UP-TO-DATE
> Task :react-native-purchases:writeReleaseAarMetadata UP-TO-DATE
> Task :react-native-in-app-review:writeReleaseAarMetadata UP-TO-DATE
> Task :react-native-nitro-modules:writeReleaseAarMetadata UP-TO-DATE
> Task :react-native-mmkv:writeReleaseAarMetadata UP-TO-DATE
> Task :react-native-localize:writeReleaseAarMetadata UP-TO-DATE
> Task :react-native-safe-area-context:writeReleaseAarMetadata UP-TO-DATE
> Task :react-native-screens:writeReleaseAarMetadata UP-TO-DATE
> Task :react-native-purchases-ui:writeReleaseAarMetadata UP-TO-DATE
> Task :react-native-share:writeReleaseAarMetadata UP-TO-DATE
> Task :react-native-sound:writeReleaseAarMetadata UP-TO-DATE
> Task :react-native-vector-icons:writeReleaseAarMetadata UP-TO-DATE
> Task :react-native-system-navigation-bar:writeReleaseAarMetadata UP-TO-DATE
> Task :react-native-svg:writeReleaseAarMetadata UP-TO-DATE
> Task :react-native-view-shot:writeReleaseAarMetadata UP-TO-DATE
> Task :invertase_react-native-apple-authentication:compileReleaseLibraryResources UP-TO-DATE
> Task :mixpanel-react-native:compileReleaseLibraryResources UP-TO-DATE
> Task :sp-react-native-in-app-updates:writeReleaseAarMetadata UP-TO-DATE
> Task :notifee_react-native:compileReleaseLibraryResources UP-TO-DATE
> Task :react-native-camera-roll_camera-roll:compileReleaseLibraryResources UP-TO-DATE
> Task :react-native-bootsplash:compileReleaseLibraryResources UP-TO-DATE
> Task :notifee_react-native:parseReleaseLocalResources UP-TO-DATE
> Task :react-native-reanimated:assertMinimalReactNativeVersionTask
> Task :react-native-worklets:assertMinimalReactNativeVersionTask
> Task :react-native-bootsplash:parseReleaseLocalResources UP-TO-DATE
> Task :mixpanel-react-native:parseReleaseLocalResources UP-TO-DATE
> Task :react-native-camera-roll_camera-roll:parseReleaseLocalResources UP-TO-DATE
> Task :invertase_react-native-apple-authentication:parseReleaseLocalResources UP-TO-DATE
> Task :react-native-reanimated:assertNewArchitectureEnabledTask SKIPPED
> Task :react-native-worklets:assertNewArchitectureEnabledTask SKIPPED
> Task :mixpanel-react-native:generateReleaseRFile UP-TO-DATE
> Task :notifee_react-native:generateReleaseRFile UP-TO-DATE
> Task :invertase_react-native-apple-authentication:generateReleaseRFile UP-TO-DATE
> Task :react-native-worklets:generateCodegenSchemaFromJavaScript UP-TO-DATE
> Task :react-native-clipboard_clipboard:compileReleaseLibraryResources UP-TO-DATE
> Task :react-native-compressor:compileReleaseLibraryResources UP-TO-DATE
> Task :react-native-community_blur:compileReleaseLibraryResources UP-TO-DATE
> Task :react-native-clipboard_clipboard:parseReleaseLocalResources UP-TO-DATE
> Task :react-native-compressor:parseReleaseLocalResources UP-TO-DATE
> Task :react-native-bootsplash:generateReleaseRFile UP-TO-DATE
> Task :react-native-camera-roll_camera-roll:generateReleaseRFile UP-TO-DATE
> Task :react-native-community_blur:parseReleaseLocalResources UP-TO-DATE
> Task :react-native-device-info:compileReleaseLibraryResources UP-TO-DATE
> Task :react-native-worklets:generateCodegenArtifactsFromSchema UP-TO-DATE
> Task :react-native-clipboard_clipboard:generateReleaseRFile UP-TO-DATE
> Task :react-native-community_blur:generateReleaseRFile UP-TO-DATE
> Task :react-native-compressor:generateReleaseRFile UP-TO-DATE
> Task :react-native-firebase_app:compileReleaseLibraryResources UP-TO-DATE
> Task :react-native-firebase_auth:compileReleaseLibraryResources UP-TO-DATE
> Task :react-native-firebase_crashlytics:compileReleaseLibraryResources UP-TO-DATE
> Task :react-native-firebase_database:compileReleaseLibraryResources UP-TO-DATE
> Task :react-native-firebase_auth:parseReleaseLocalResources UP-TO-DATE
> Task :react-native-firebase_app:parseReleaseLocalResources UP-TO-DATE
> Task :react-native-device-info:parseReleaseLocalResources UP-TO-DATE
> Task :react-native-firebase_crashlytics:parseReleaseLocalResources UP-TO-DATE
> Task :react-native-firebase_auth:generateReleaseRFile UP-TO-DATE
> Task :react-native-firebase_database:parseReleaseLocalResources UP-TO-DATE
> Task :react-native-firebase_firestore:compileReleaseLibraryResources UP-TO-DATE
> Task :react-native-firebase_app:generateReleaseRFile UP-TO-DATE
> Task :react-native-firebase_crashlytics:generateReleaseRFile UP-TO-DATE
> Task :react-native-firebase_database:generateReleaseRFile UP-TO-DATE
> Task :react-native-firebase_firestore:parseReleaseLocalResources UP-TO-DATE
> Task :react-native-device-info:generateReleaseRFile UP-TO-DATE
> Task :react-native-firebase_messaging:compileReleaseLibraryResources UP-TO-DATE
> Task :react-native-google-mobile-ads:compileReleaseLibraryResources UP-TO-DATE
> Task :react-native-google-mobile-ads:parseReleaseLocalResources UP-TO-DATE
> Task :react-native-firebase_firestore:generateReleaseRFile UP-TO-DATE
> Task :react-native-gesture-handler:compileReleaseLibraryResources UP-TO-DATE
> Task :react-native-fs:compileReleaseLibraryResources UP-TO-DATE
> Task :react-native-firebase_messaging:parseReleaseLocalResources UP-TO-DATE
> Task :react-native-google-signin_google-signin:compileReleaseLibraryResources UP-TO-DATE
> Task :react-native-google-mobile-ads:generateReleaseRFile UP-TO-DATE
> Task :react-native-fs:parseReleaseLocalResources UP-TO-DATE
> Task :react-native-worklets:prepareWorkletsHeadersForPrefabs UP-TO-DATE
> Task :react-native-haptic-feedback:compileReleaseLibraryResources UP-TO-DATE
> Task :react-native-worklets:preBuild
> Task :react-native-google-signin_google-signin:parseReleaseLocalResources UP-TO-DATE
> Task :react-native-gesture-handler:parseReleaseLocalResources UP-TO-DATE
> Task :react-native-worklets:preReleaseBuild
> Task :react-native-firebase_messaging:generateReleaseRFile UP-TO-DATE
> Task :react-native-fs:generateReleaseRFile UP-TO-DATE
> Task :react-native-google-signin_google-signin:generateReleaseRFile UP-TO-DATE
> Task :react-native-worklets:generateReleaseResValues UP-TO-DATE
> Task :react-native-image-picker:compileReleaseLibraryResources UP-TO-DATE
> Task :react-native-in-app-review:compileReleaseLibraryResources UP-TO-DATE
> Task :react-native-worklets:generateReleaseResources UP-TO-DATE
> Task :react-native-localize:compileReleaseLibraryResources UP-TO-DATE
> Task :react-native-in-app-review:parseReleaseLocalResources UP-TO-DATE
> Task :react-native-haptic-feedback:parseReleaseLocalResources UP-TO-DATE
> Task :react-native-localize:parseReleaseLocalResources UP-TO-DATE
> Task :react-native-in-app-review:generateReleaseRFile UP-TO-DATE
> Task :react-native-image-picker:parseReleaseLocalResources UP-TO-DATE
> Task :react-native-worklets:packageReleaseResources UP-TO-DATE
> Task :react-native-gesture-handler:generateReleaseRFile UP-TO-DATE
> Task :react-native-mmkv:compileReleaseLibraryResources UP-TO-DATE
> Task :react-native-localize:generateReleaseRFile UP-TO-DATE
> Task :react-native-image-picker:generateReleaseRFile UP-TO-DATE
> Task :react-native-worklets:extractDeepLinksRelease UP-TO-DATE
> Task :react-native-nitro-modules:compileReleaseLibraryResources UP-TO-DATE
> Task :react-native-mmkv:parseReleaseLocalResources UP-TO-DATE
> Task :react-native-purchases:compileReleaseLibraryResources UP-TO-DATE
> Task :react-native-purchases-ui:compileReleaseLibraryResources UP-TO-DATE
> Task :react-native-nitro-modules:parseReleaseLocalResources UP-TO-DATE
> Task :react-native-haptic-feedback:generateReleaseRFile UP-TO-DATE
> Task :react-native-worklets:processReleaseManifest UP-TO-DATE
> Task :react-native-purchases-ui:parseReleaseLocalResources UP-TO-DATE
> Task :react-native-purchases:parseReleaseLocalResources UP-TO-DATE
> Task :react-native-safe-area-context:compileReleaseLibraryResources UP-TO-DATE
> Task :react-native-worklets:writeReleaseAarMetadata UP-TO-DATE
> Task :react-native-nitro-modules:generateReleaseRFile UP-TO-DATE
> Task :react-native-share:compileReleaseLibraryResources UP-TO-DATE
> Task :react-native-safe-area-context:parseReleaseLocalResources UP-TO-DATE
> Task :react-native-purchases-ui:generateReleaseRFile UP-TO-DATE
> Task :react-native-purchases:generateReleaseRFile UP-TO-DATE
> Task :react-native-sound:compileReleaseLibraryResources UP-TO-DATE
> Task :react-native-share:parseReleaseLocalResources UP-TO-DATE
> Task :react-native-svg:compileReleaseLibraryResources UP-TO-DATE
> Task :react-native-safe-area-context:generateReleaseRFile UP-TO-DATE
> Task :react-native-sound:parseReleaseLocalResources UP-TO-DATE
> Task :react-native-svg:parseReleaseLocalResources UP-TO-DATE
> Task :react-native-system-navigation-bar:compileReleaseLibraryResources UP-TO-DATE
> Task :react-native-share:generateReleaseRFile UP-TO-DATE
> Task :react-native-screens:compileReleaseLibraryResources UP-TO-DATE
> Task :react-native-system-navigation-bar:parseReleaseLocalResources UP-TO-DATE
> Task :react-native-vector-icons:compileReleaseLibraryResources UP-TO-DATE
> Task :react-native-svg:generateReleaseRFile UP-TO-DATE
> Task :react-native-screens:parseReleaseLocalResources UP-TO-DATE
> Task :react-native-sound:generateReleaseRFile UP-TO-DATE
> Task :react-native-system-navigation-bar:generateReleaseRFile UP-TO-DATE
> Task :react-native-view-shot:compileReleaseLibraryResources UP-TO-DATE
> Task :react-native-vector-icons:parseReleaseLocalResources UP-TO-DATE
> Task :react-native-screens:generateReleaseRFile UP-TO-DATE
> Task :react-native-worklets:compileReleaseLibraryResources UP-TO-DATE
> Task :sp-react-native-in-app-updates:compileReleaseLibraryResources UP-TO-DATE
> Task :react-native-view-shot:parseReleaseLocalResources UP-TO-DATE
> Task :react-native-mmkv:generateReleaseRFile UP-TO-DATE
> Task :sp-react-native-in-app-updates:parseReleaseLocalResources UP-TO-DATE
> Task :invertase_react-native-apple-authentication:mergeReleaseShaders UP-TO-DATE
> Task :react-native-view-shot:generateReleaseRFile UP-TO-DATE
> Task :react-native-vector-icons:generateReleaseRFile UP-TO-DATE
> Task :mixpanel-react-native:mergeReleaseShaders UP-TO-DATE
> Task :react-native-worklets:parseReleaseLocalResources UP-TO-DATE
> Task :sp-react-native-in-app-updates:generateReleaseRFile UP-TO-DATE
> Task :notifee_react-native:mergeReleaseShaders UP-TO-DATE
> Task :mixpanel-react-native:compileReleaseShaders NO-SOURCE
> Task :notifee_react-native:compileReleaseShaders NO-SOURCE
> Task :notifee_react-native:generateReleaseAssets UP-TO-DATE
> Task :mixpanel-react-native:generateReleaseAssets UP-TO-DATE
> Task :react-native-camera-roll_camera-roll:mergeReleaseShaders UP-TO-DATE
> Task :notifee_react-native:mergeReleaseAssets UP-TO-DATE
> Task :react-native-camera-roll_camera-roll:compileReleaseShaders NO-SOURCE
> Task :react-native-camera-roll_camera-roll:generateReleaseAssets UP-TO-DATE
> Task :react-native-clipboard_clipboard:mergeReleaseShaders UP-TO-DATE
> Task :mixpanel-react-native:mergeReleaseAssets UP-TO-DATE
> Task :react-native-clipboard_clipboard:compileReleaseShaders NO-SOURCE
> Task :react-native-clipboard_clipboard:generateReleaseAssets UP-TO-DATE
> Task :react-native-community_blur:mergeReleaseShaders UP-TO-DATE
> Task :react-native-camera-roll_camera-roll:mergeReleaseAssets UP-TO-DATE
> Task :react-native-community_blur:compileReleaseShaders NO-SOURCE
> Task :react-native-community_blur:generateReleaseAssets UP-TO-DATE
> Task :react-native-clipboard_clipboard:mergeReleaseAssets UP-TO-DATE
> Task :react-native-community_blur:mergeReleaseAssets UP-TO-DATE
> Task :react-native-compressor:mergeReleaseShaders UP-TO-DATE
> Task :react-native-device-info:mergeReleaseShaders UP-TO-DATE
> Task :react-native-bootsplash:mergeReleaseShaders UP-TO-DATE
> Task :invertase_react-native-apple-authentication:compileReleaseShaders NO-SOURCE
> Task :react-native-compressor:compileReleaseShaders NO-SOURCE
> Task :react-native-compressor:generateReleaseAssets UP-TO-DATE
> Task :invertase_react-native-apple-authentication:generateReleaseAssets UP-TO-DATE
> Task :react-native-compressor:mergeReleaseAssets UP-TO-DATE
> Task :react-native-firebase_auth:mergeReleaseShaders UP-TO-DATE
> Task :react-native-device-info:compileReleaseShaders NO-SOURCE
> Task :react-native-device-info:generateReleaseAssets UP-TO-DATE
> Task :react-native-firebase_auth:compileReleaseShaders NO-SOURCE
> Task :react-native-firebase_auth:generateReleaseAssets UP-TO-DATE
> Task :react-native-firebase_app:mergeReleaseShaders UP-TO-DATE
> Task :react-native-device-info:mergeReleaseAssets UP-TO-DATE
> Task :react-native-firebase_auth:mergeReleaseAssets UP-TO-DATE
> Task :react-native-firebase_app:compileReleaseShaders NO-SOURCE
> Task :react-native-firebase_app:generateReleaseAssets UP-TO-DATE
> Task :react-native-firebase_crashlytics:mergeReleaseShaders UP-TO-DATE
> Task :react-native-firebase_database:mergeReleaseShaders UP-TO-DATE
> Task :react-native-firebase_crashlytics:compileReleaseShaders NO-SOURCE
> Task :react-native-firebase_app:mergeReleaseAssets UP-TO-DATE
> Task :react-native-firebase_crashlytics:generateReleaseAssets UP-TO-DATE
> Task :react-native-firebase_database:compileReleaseShaders NO-SOURCE
> Task :react-native-firebase_database:generateReleaseAssets UP-TO-DATE
> Task :invertase_react-native-apple-authentication:mergeReleaseAssets UP-TO-DATE
> Task :react-native-firebase_crashlytics:mergeReleaseAssets UP-TO-DATE
> Task :react-native-firebase_firestore:mergeReleaseShaders UP-TO-DATE
> Task :react-native-firebase_database:mergeReleaseAssets UP-TO-DATE
> Task :react-native-firebase_messaging:mergeReleaseShaders UP-TO-DATE
> Task :react-native-firebase_firestore:compileReleaseShaders NO-SOURCE
> Task :react-native-firebase_firestore:generateReleaseAssets UP-TO-DATE
> Task :react-native-firebase_messaging:compileReleaseShaders NO-SOURCE
> Task :react-native-firebase_messaging:generateReleaseAssets UP-TO-DATE
> Task :react-native-fs:mergeReleaseShaders UP-TO-DATE
> Task :react-native-firebase_firestore:mergeReleaseAssets UP-TO-DATE
> Task :react-native-firebase_messaging:mergeReleaseAssets UP-TO-DATE
> Task :react-native-fs:compileReleaseShaders NO-SOURCE
> Task :react-native-fs:generateReleaseAssets UP-TO-DATE
> Task :react-native-gesture-handler:mergeReleaseShaders UP-TO-DATE
> Task :react-native-fs:mergeReleaseAssets UP-TO-DATE
> Task :react-native-google-mobile-ads:mergeReleaseShaders UP-TO-DATE
> Task :react-native-reanimated:assertWorkletsVersionTask
> Task :react-native-gesture-handler:compileReleaseShaders NO-SOURCE
> Task :react-native-gesture-handler:generateReleaseAssets UP-TO-DATE
> Task :react-native-google-signin_google-signin:mergeReleaseShaders UP-TO-DATE
> Task :react-native-google-mobile-ads:compileReleaseShaders NO-SOURCE
> Task :react-native-google-mobile-ads:generateReleaseAssets UP-TO-DATE
> Task :react-native-google-signin_google-signin:compileReleaseShaders NO-SOURCE
> Task :react-native-google-signin_google-signin:generateReleaseAssets UP-TO-DATE
> Task :react-native-gesture-handler:mergeReleaseAssets UP-TO-DATE
> Task :react-native-google-mobile-ads:mergeReleaseAssets UP-TO-DATE
> Task :react-native-google-signin_google-signin:mergeReleaseAssets UP-TO-DATE
> Task :react-native-reanimated:generateCodegenSchemaFromJavaScript UP-TO-DATE
> Task :react-native-haptic-feedback:mergeReleaseShaders UP-TO-DATE
> Task :react-native-image-picker:mergeReleaseShaders UP-TO-DATE
> Task :react-native-image-picker:compileReleaseShaders NO-SOURCE
> Task :react-native-image-picker:generateReleaseAssets UP-TO-DATE
> Task :react-native-haptic-feedback:compileReleaseShaders NO-SOURCE
> Task :react-native-haptic-feedback:generateReleaseAssets UP-TO-DATE
> Task :react-native-image-picker:mergeReleaseAssets UP-TO-DATE
> Task :react-native-reanimated:generateCodegenArtifactsFromSchema UP-TO-DATE
> Task :react-native-haptic-feedback:mergeReleaseAssets UP-TO-DATE
> Task :react-native-localize:mergeReleaseShaders UP-TO-DATE
> Task :react-native-localize:compileReleaseShaders NO-SOURCE
> Task :react-native-localize:generateReleaseAssets UP-TO-DATE
> Task :react-native-nitro-modules:mergeReleaseShaders UP-TO-DATE
> Task :react-native-in-app-review:mergeReleaseShaders UP-TO-DATE
> Task :react-native-nitro-modules:compileReleaseShaders NO-SOURCE
> Task :react-native-nitro-modules:generateReleaseAssets UP-TO-DATE
> Task :react-native-localize:mergeReleaseAssets UP-TO-DATE
> Task :react-native-in-app-review:compileReleaseShaders NO-SOURCE
> Task :react-native-bootsplash:compileReleaseShaders NO-SOURCE
> Task :react-native-in-app-review:generateReleaseAssets UP-TO-DATE
> Task :react-native-nitro-modules:mergeReleaseAssets UP-TO-DATE
> Task :react-native-purchases:mergeReleaseShaders UP-TO-DATE
> Task :react-native-bootsplash:generateReleaseAssets UP-TO-DATE
> Task :react-native-worklets:generateReleaseRFile UP-TO-DATE
> Task :react-native-purchases:compileReleaseShaders NO-SOURCE
> Task :react-native-purchases:generateReleaseAssets UP-TO-DATE
> Task :react-native-in-app-review:mergeReleaseAssets UP-TO-DATE
> Task :react-native-purchases-ui:mergeReleaseShaders UP-TO-DATE
> Task :react-native-purchases:mergeReleaseAssets UP-TO-DATE
> Task :react-native-mmkv:mergeReleaseShaders UP-TO-DATE
> Task :react-native-purchases-ui:compileReleaseShaders NO-SOURCE
> Task :react-native-screens:mergeReleaseShaders UP-TO-DATE
> Task :react-native-purchases-ui:generateReleaseAssets UP-TO-DATE
> Task :react-native-mmkv:compileReleaseShaders NO-SOURCE
> Task :react-native-screens:compileReleaseShaders NO-SOURCE
> Task :react-native-screens:generateReleaseAssets UP-TO-DATE
> Task :react-native-mmkv:generateReleaseAssets UP-TO-DATE
> Task :react-native-share:mergeReleaseShaders UP-TO-DATE
> Task :react-native-safe-area-context:mergeReleaseShaders UP-TO-DATE
> Task :react-native-purchases-ui:mergeReleaseAssets UP-TO-DATE
> Task :react-native-bootsplash:mergeReleaseAssets UP-TO-DATE
> Task :react-native-share:compileReleaseShaders NO-SOURCE
> Task :react-native-share:generateReleaseAssets UP-TO-DATE
> Task :react-native-screens:mergeReleaseAssets UP-TO-DATE
> Task :react-native-safe-area-context:compileReleaseShaders NO-SOURCE
> Task :react-native-system-navigation-bar:mergeReleaseShaders UP-TO-DATE
> Task :react-native-safe-area-context:generateReleaseAssets UP-TO-DATE
> Task :react-native-mmkv:mergeReleaseAssets UP-TO-DATE
> Task :react-native-share:mergeReleaseAssets UP-TO-DATE
> Task :react-native-svg:mergeReleaseShaders UP-TO-DATE
> Task :react-native-system-navigation-bar:compileReleaseShaders NO-SOURCE
> Task :react-native-system-navigation-bar:generateReleaseAssets UP-TO-DATE
> Task :react-native-safe-area-context:mergeReleaseAssets UP-TO-DATE
> Task :react-native-vector-icons:mergeReleaseShaders UP-TO-DATE
> Task :react-native-svg:compileReleaseShaders NO-SOURCE
> Task :react-native-system-navigation-bar:mergeReleaseAssets UP-TO-DATE
> Task :react-native-svg:generateReleaseAssets UP-TO-DATE
> Task :react-native-view-shot:mergeReleaseShaders UP-TO-DATE
> Task :react-native-vector-icons:compileReleaseShaders NO-SOURCE
> Task :react-native-vector-icons:generateReleaseAssets UP-TO-DATE
> Task :sp-react-native-in-app-updates:mergeReleaseShaders UP-TO-DATE
> Task :react-native-view-shot:compileReleaseShaders NO-SOURCE
> Task :react-native-view-shot:generateReleaseAssets UP-TO-DATE
> Task :react-native-svg:mergeReleaseAssets UP-TO-DATE
> Task :sp-react-native-in-app-updates:compileReleaseShaders NO-SOURCE
> Task :sp-react-native-in-app-updates:generateReleaseAssets UP-TO-DATE
> Task :invertase_react-native-apple-authentication:checkKotlinGradlePluginConfigurationErrors SKIPPED
> Task :react-native-vector-icons:mergeReleaseAssets UP-TO-DATE
> Task :react-native-view-shot:mergeReleaseAssets UP-TO-DATE
> Task :react-native-bootsplash:checkKotlinGradlePluginConfigurationErrors SKIPPED
> Task :react-native-google-signin_google-signin:checkKotlinGradlePluginConfigurationErrors SKIPPED
> Task :sp-react-native-in-app-updates:mergeReleaseAssets UP-TO-DATE
> Task :react-native-compressor:checkKotlinGradlePluginConfigurationErrors SKIPPED
> Task :invertase_react-native-apple-authentication:generateReleaseBuildConfig UP-TO-DATE
> Task :react-native-bootsplash:generateReleaseBuildConfig UP-TO-DATE
> Task :react-native-compressor:generateReleaseBuildConfig UP-TO-DATE
> Task :react-native-google-signin_google-signin:generateReleaseBuildConfig UP-TO-DATE
> Task :react-native-sound:mergeReleaseShaders UP-TO-DATE
> Task :react-native-sound:compileReleaseShaders NO-SOURCE
> Task :react-native-sound:generateReleaseAssets UP-TO-DATE
> Task :react-native-worklets:mergeReleaseShaders UP-TO-DATE
> Task :react-native-worklets:compileReleaseShaders NO-SOURCE
> Task :react-native-worklets:generateReleaseAssets UP-TO-DATE
> Task :react-native-sound:mergeReleaseAssets UP-TO-DATE
> Task :react-native-gesture-handler:checkKotlinGradlePluginConfigurationErrors SKIPPED
> Task :react-native-gesture-handler:generateReleaseBuildConfig UP-TO-DATE
> Task :react-native-svg:generateReleaseBuildConfig UP-TO-DATE
> Task :react-native-svg:javaPreCompileRelease UP-TO-DATE
> Task :react-native-reanimated:prepareReanimatedHeadersForPrefabs UP-TO-DATE
> Task :react-native-reanimated:preBuild
> Task :react-native-reanimated:preReleaseBuild
> Task :react-native-worklets:mergeReleaseAssets UP-TO-DATE
> Task :react-native-worklets:checkKotlinGradlePluginConfigurationErrors SKIPPED
> Task :react-native-reanimated:generateReleaseResValues UP-TO-DATE
> Task :react-native-reanimated:generateReleaseResources UP-TO-DATE
> Task :react-native-worklets:generateReleaseBuildConfig UP-TO-DATE
> Task :react-native-reanimated:packageReleaseResources UP-TO-DATE
> Task :react-native-reanimated:extractDeepLinksRelease UP-TO-DATE
> Task :react-native-worklets:compileReleaseKotlin NO-SOURCE
> Task :react-native-worklets:javaPreCompileRelease UP-TO-DATE
> Task :react-native-reanimated:processReleaseManifest UP-TO-DATE
> Task :react-native-reanimated:writeReleaseAarMetadata UP-TO-DATE
> Task :react-native-reanimated:compileReleaseLibraryResources UP-TO-DATE
> Task :react-native-reanimated:parseReleaseLocalResources UP-TO-DATE
> Task :react-native-reanimated:generateReleaseRFile UP-TO-DATE
> Task :react-native-reanimated:mergeReleaseShaders UP-TO-DATE
> Task :react-native-reanimated:compileReleaseShaders NO-SOURCE
> Task :react-native-reanimated:generateReleaseAssets UP-TO-DATE
> Task :react-native-reanimated:mergeReleaseAssets UP-TO-DATE
> Task :react-native-reanimated:generateReleaseBuildConfig UP-TO-DATE
> Task :react-native-reanimated:javaPreCompileRelease UP-TO-DATE
> Task :react-native-gesture-handler:javaPreCompileRelease UP-TO-DATE
> Task :react-native-google-mobile-ads:checkKotlinGradlePluginConfigurationErrors SKIPPED
> Task :react-native-google-mobile-ads:generateReleaseBuildConfig UP-TO-DATE
> Task :react-native-worklets:compileReleaseJavaWithJavac UP-TO-DATE
> Task :react-native-svg:compileReleaseJavaWithJavac UP-TO-DATE
> Task :react-native-worklets:bundleLibCompileToJarRelease UP-TO-DATE
> Task :react-native-svg:bundleLibCompileToJarRelease UP-TO-DATE
> Task :react-native-localize:checkKotlinGradlePluginConfigurationErrors SKIPPED
> Task :react-native-localize:generateReleaseBuildConfig UP-TO-DATE
> Task :react-native-reanimated:compileReleaseJavaWithJavac UP-TO-DATE
> Task :react-native-reanimated:bundleLibCompileToJarRelease UP-TO-DATE
> Task :react-native-bootsplash:compileReleaseKotlin UP-TO-DATE
> Task :react-native-localize:compileReleaseKotlin UP-TO-DATE
> Task :react-native-compressor:compileReleaseKotlin UP-TO-DATE
> Task :invertase_react-native-apple-authentication:compileReleaseKotlin UP-TO-DATE
> Task :react-native-bootsplash:javaPreCompileRelease UP-TO-DATE
> Task :react-native-localize:javaPreCompileRelease UP-TO-DATE
> Task :react-native-compressor:javaPreCompileRelease UP-TO-DATE
> Task :invertase_react-native-apple-authentication:javaPreCompileRelease UP-TO-DATE
> Task :react-native-google-signin_google-signin:compileReleaseKotlin UP-TO-DATE
> Task :react-native-google-signin_google-signin:javaPreCompileRelease UP-TO-DATE
> Task :invertase_react-native-apple-authentication:compileReleaseJavaWithJavac UP-TO-DATE
> Task :react-native-bootsplash:compileReleaseJavaWithJavac UP-TO-DATE
> Task :react-native-bootsplash:mergeReleaseGeneratedProguardFiles UP-TO-DATE
> Task :invertase_react-native-apple-authentication:mergeReleaseGeneratedProguardFiles UP-TO-DATE
> Task :invertase_react-native-apple-authentication:exportReleaseConsumerProguardFiles UP-TO-DATE
> Task :react-native-bootsplash:exportReleaseConsumerProguardFiles UP-TO-DATE
> Task :react-native-mmkv:checkKotlinGradlePluginConfigurationErrors SKIPPED
> Task :react-native-nitro-modules:checkKotlinGradlePluginConfigurationErrors SKIPPED
> Task :react-native-nitro-modules:generateReleaseBuildConfig UP-TO-DATE
> Task :react-native-google-signin_google-signin:compileReleaseJavaWithJavac UP-TO-DATE
> Task :react-native-mmkv:generateReleaseBuildConfig UP-TO-DATE
> Task :react-native-google-signin_google-signin:mergeReleaseGeneratedProguardFiles UP-TO-DATE
> Task :react-native-mmkv:javaPreCompileRelease UP-TO-DATE
> Task :react-native-purchases-ui:checkKotlinGradlePluginConfigurationErrors SKIPPED
> Task :react-native-google-signin_google-signin:exportReleaseConsumerProguardFiles UP-TO-DATE
> Task :react-native-safe-area-context:checkKotlinGradlePluginConfigurationErrors SKIPPED
> Task :react-native-purchases-ui:generateReleaseBuildConfig UP-TO-DATE
> Task :react-native-safe-area-context:generateReleaseBuildConfig UP-TO-DATE
> Task :react-native-compressor:compileReleaseJavaWithJavac UP-TO-DATE
> Task :react-native-localize:compileReleaseJavaWithJavac UP-TO-DATE
> Task :react-native-compressor:mergeReleaseGeneratedProguardFiles UP-TO-DATE
> Task :react-native-compressor:exportReleaseConsumerProguardFiles UP-TO-DATE
> Task :react-native-localize:mergeReleaseGeneratedProguardFiles UP-TO-DATE
> Task :react-native-google-mobile-ads:compileReleaseKotlin UP-TO-DATE
> Task :react-native-screens:checkKotlinGradlePluginConfigurationErrors SKIPPED
> Task :react-native-localize:exportReleaseConsumerProguardFiles UP-TO-DATE
> Task :react-native-google-mobile-ads:javaPreCompileRelease UP-TO-DATE
> Task :react-native-sound:checkKotlinGradlePluginConfigurationErrors SKIPPED
> Task :react-native-sound:generateReleaseBuildConfig UP-TO-DATE
> Task :react-native-screens:generateReleaseBuildConfig UP-TO-DATE
> Task :react-native-google-mobile-ads:compileReleaseJavaWithJavac UP-TO-DATE
> Task :react-native-google-mobile-ads:mergeReleaseGeneratedProguardFiles UP-TO-DATE
> Task :react-native-nitro-modules:compileReleaseKotlin UP-TO-DATE
> Task :react-native-google-mobile-ads:exportReleaseConsumerProguardFiles UP-TO-DATE
> Task :react-native-nitro-modules:javaPreCompileRelease UP-TO-DATE
> Task :react-native-reanimated:mergeReleaseGeneratedProguardFiles UP-TO-DATE
> Task :react-native-reanimated:exportReleaseConsumerProguardFiles UP-TO-DATE
> Task :react-native-worklets:mergeReleaseGeneratedProguardFiles UP-TO-DATE
> Task :react-native-worklets:exportReleaseConsumerProguardFiles UP-TO-DATE
> Task :react-native-nitro-modules:compileReleaseJavaWithJavac UP-TO-DATE
> Task :react-native-nitro-modules:bundleLibCompileToJarRelease UP-TO-DATE
> Task :notifee_react-native:generateReleaseBuildConfig UP-TO-DATE
> Task :notifee_react-native:javaPreCompileRelease UP-TO-DATE
> Task :react-native-nitro-modules:mergeReleaseGeneratedProguardFiles UP-TO-DATE
> Task :react-native-nitro-modules:exportReleaseConsumerProguardFiles UP-TO-DATE
> Task :react-native-safe-area-context:compileReleaseKotlin UP-TO-DATE
> Task :react-native-safe-area-context:javaPreCompileRelease UP-TO-DATE
> Task :react-native-sound:compileReleaseKotlin UP-TO-DATE
> Task :react-native-sound:javaPreCompileRelease UP-TO-DATE
> Task :react-native-safe-area-context:compileReleaseJavaWithJavac UP-TO-DATE
> Task :react-native-gesture-handler:compileReleaseKotlin UP-TO-DATE
> Task :react-native-safe-area-context:mergeReleaseGeneratedProguardFiles UP-TO-DATE
> Task :react-native-safe-area-context:exportReleaseConsumerProguardFiles UP-TO-DATE
> Task :react-native-sound:compileReleaseJavaWithJavac UP-TO-DATE
> Task :notifee_react-native:compileReleaseJavaWithJavac UP-TO-DATE
> Task :notifee_react-native:mergeReleaseGeneratedProguardFiles UP-TO-DATE
> Task :react-native-sound:mergeReleaseGeneratedProguardFiles UP-TO-DATE
> Task :react-native-camera-roll_camera-roll:generateReleaseBuildConfig UP-TO-DATE
> Task :react-native-sound:exportReleaseConsumerProguardFiles UP-TO-DATE
> Task :notifee_react-native:exportReleaseConsumerProguardFiles UP-TO-DATE
> Task :react-native-clipboard_clipboard:generateReleaseBuildConfig UP-TO-DATE
> Task :react-native-camera-roll_camera-roll:javaPreCompileRelease UP-TO-DATE
> Task :react-native-clipboard_clipboard:javaPreCompileRelease UP-TO-DATE
> Task :react-native-community_blur:generateReleaseBuildConfig UP-TO-DATE
> Task :react-native-gesture-handler:compileReleaseJavaWithJavac UP-TO-DATE
> Task :react-native-community_blur:javaPreCompileRelease UP-TO-DATE
> Task :react-native-gesture-handler:mergeReleaseGeneratedProguardFiles UP-TO-DATE
> Task :react-native-gesture-handler:exportReleaseConsumerProguardFiles UP-TO-DATE
> Task :react-native-firebase_app:generateReleaseBuildConfig UP-TO-DATE
> Task :react-native-firebase_app:javaPreCompileRelease UP-TO-DATE
> Task :react-native-camera-roll_camera-roll:compileReleaseJavaWithJavac UP-TO-DATE
> Task :react-native-community_blur:compileReleaseJavaWithJavac UP-TO-DATE
> Task :react-native-community_blur:mergeReleaseGeneratedProguardFiles UP-TO-DATE
> Task :react-native-clipboard_clipboard:compileReleaseJavaWithJavac UP-TO-DATE
> Task :react-native-community_blur:exportReleaseConsumerProguardFiles UP-TO-DATE
> Task :react-native-purchases-ui:compileReleaseKotlin UP-TO-DATE
> Task :react-native-firebase_auth:generateReleaseBuildConfig UP-TO-DATE
> Task :react-native-firebase_app:compileReleaseJavaWithJavac UP-TO-DATE
> Task :react-native-purchases-ui:javaPreCompileRelease UP-TO-DATE
> Task :react-native-firebase_auth:javaPreCompileRelease UP-TO-DATE
> Task :react-native-firebase_crashlytics:generateReleaseBuildConfig UP-TO-DATE
> Task :react-native-purchases-ui:compileReleaseJavaWithJavac UP-TO-DATE
> Task :react-native-camera-roll_camera-roll:mergeReleaseGeneratedProguardFiles UP-TO-DATE
> Task :react-native-firebase_crashlytics:javaPreCompileRelease UP-TO-DATE
> Task :react-native-purchases-ui:mergeReleaseGeneratedProguardFiles UP-TO-DATE
> Task :react-native-mmkv:compileReleaseKotlin UP-TO-DATE
> Task :react-native-clipboard_clipboard:mergeReleaseGeneratedProguardFiles UP-TO-DATE
> Task :react-native-firebase_database:generateReleaseBuildConfig UP-TO-DATE
> Task :react-native-firebase_app:bundleLibCompileToJarRelease UP-TO-DATE
> Task :react-native-firebase_database:javaPreCompileRelease UP-TO-DATE
> Task :react-native-purchases-ui:exportReleaseConsumerProguardFiles UP-TO-DATE
> Task :react-native-camera-roll_camera-roll:exportReleaseConsumerProguardFiles UP-TO-DATE
> Task :react-native-clipboard_clipboard:exportReleaseConsumerProguardFiles UP-TO-DATE
> Task :react-native-firebase_firestore:generateReleaseBuildConfig UP-TO-DATE
> Task :react-native-firebase_messaging:generateReleaseBuildConfig UP-TO-DATE
> Task :react-native-firebase_firestore:javaPreCompileRelease UP-TO-DATE
> Task :react-native-firebase_messaging:javaPreCompileRelease UP-TO-DATE
> Task :react-native-mmkv:compileReleaseJavaWithJavac UP-TO-DATE
> Task :react-native-mmkv:mergeReleaseGeneratedProguardFiles UP-TO-DATE
> Task :react-native-mmkv:exportReleaseConsumerProguardFiles UP-TO-DATE
> Task :react-native-firebase_app:mergeReleaseGeneratedProguardFiles UP-TO-DATE
> Task :react-native-firebase_app:exportReleaseConsumerProguardFiles UP-TO-DATE
> Task :mixpanel-react-native:generateReleaseBuildConfig UP-TO-DATE
> Task :mixpanel-react-native:javaPreCompileRelease UP-TO-DATE
> Task :react-native-firebase_auth:compileReleaseJavaWithJavac UP-TO-DATE
> Task :react-native-firebase_crashlytics:compileReleaseJavaWithJavac UP-TO-DATE
> Task :react-native-firebase_firestore:compileReleaseJavaWithJavac UP-TO-DATE
> Task :react-native-firebase_auth:mergeReleaseGeneratedProguardFiles UP-TO-DATE
> Task :react-native-firebase_crashlytics:mergeReleaseGeneratedProguardFiles UP-TO-DATE
> Task :react-native-firebase_crashlytics:exportReleaseConsumerProguardFiles UP-TO-DATE
> Task :react-native-firebase_auth:exportReleaseConsumerProguardFiles UP-TO-DATE
> Task :react-native-firebase_firestore:mergeReleaseGeneratedProguardFiles UP-TO-DATE
> Task :react-native-firebase_messaging:compileReleaseJavaWithJavac UP-TO-DATE
> Task :react-native-device-info:generateReleaseBuildConfig UP-TO-DATE
> Task :react-native-firebase_firestore:exportReleaseConsumerProguardFiles UP-TO-DATE
> Task :react-native-device-info:javaPreCompileRelease UP-TO-DATE
> Task :react-native-fs:generateReleaseBuildConfig UP-TO-DATE
> Task :react-native-firebase_messaging:mergeReleaseGeneratedProguardFiles UP-TO-DATE
> Task :react-native-firebase_database:compileReleaseJavaWithJavac UP-TO-DATE
> Task :react-native-screens:compileReleaseKotlin UP-TO-DATE
> Task :react-native-haptic-feedback:generateReleaseBuildConfig UP-TO-DATE
> Task :react-native-firebase_messaging:exportReleaseConsumerProguardFiles UP-TO-DATE
> Task :react-native-fs:javaPreCompileRelease UP-TO-DATE
> Task :react-native-screens:javaPreCompileRelease UP-TO-DATE
> Task :react-native-firebase_database:mergeReleaseGeneratedProguardFiles UP-TO-DATE
> Task :react-native-haptic-feedback:javaPreCompileRelease UP-TO-DATE
> Task :mixpanel-react-native:compileReleaseJavaWithJavac UP-TO-DATE
> Task :react-native-image-picker:generateReleaseBuildConfig UP-TO-DATE
> Task :mixpanel-react-native:mergeReleaseGeneratedProguardFiles UP-TO-DATE
> Task :react-native-firebase_database:exportReleaseConsumerProguardFiles UP-TO-DATE
> Task :react-native-image-picker:javaPreCompileRelease UP-TO-DATE
> Task :mixpanel-react-native:exportReleaseConsumerProguardFiles UP-TO-DATE
> Task :react-native-purchases:checkKotlinGradlePluginConfigurationErrors SKIPPED
> Task :react-native-in-app-review:generateReleaseBuildConfig UP-TO-DATE
> Task :react-native-purchases:generateReleaseBuildConfig UP-TO-DATE
> Task :react-native-in-app-review:javaPreCompileRelease UP-TO-DATE
> Task :react-native-haptic-feedback:compileReleaseJavaWithJavac UP-TO-DATE
> Task :react-native-device-info:compileReleaseJavaWithJavac UP-TO-DATE
> Task :react-native-haptic-feedback:mergeReleaseGeneratedProguardFiles UP-TO-DATE
> Task :react-native-device-info:mergeReleaseGeneratedProguardFiles UP-TO-DATE
> Task :react-native-haptic-feedback:exportReleaseConsumerProguardFiles UP-TO-DATE
> Task :react-native-device-info:exportReleaseConsumerProguardFiles UP-TO-DATE
> Task :react-native-share:generateReleaseBuildConfig UP-TO-DATE
> Task :react-native-share:javaPreCompileRelease UP-TO-DATE
> Task :react-native-svg:mergeReleaseGeneratedProguardFiles UP-TO-DATE
> Task :react-native-svg:exportReleaseConsumerProguardFiles UP-TO-DATE
> Task :react-native-in-app-review:compileReleaseJavaWithJavac UP-TO-DATE
> Task :react-native-image-picker:compileReleaseJavaWithJavac UP-TO-DATE
> Task :react-native-system-navigation-bar:generateReleaseBuildConfig UP-TO-DATE
> Task :react-native-fs:compileReleaseJavaWithJavac UP-TO-DATE
> Task :react-native-image-picker:mergeReleaseGeneratedProguardFiles UP-TO-DATE
> Task :react-native-system-navigation-bar:javaPreCompileRelease UP-TO-DATE
> Task :react-native-image-picker:exportReleaseConsumerProguardFiles UP-TO-DATE
> Task :react-native-screens:compileReleaseJavaWithJavac UP-TO-DATE
> Task :react-native-fs:mergeReleaseGeneratedProguardFiles UP-TO-DATE
> Task :react-native-vector-icons:generateReleaseBuildConfig UP-TO-DATE
> Task :react-native-screens:mergeReleaseGeneratedProguardFiles UP-TO-DATE
> Task :react-native-fs:exportReleaseConsumerProguardFiles UP-TO-DATE
> Task :react-native-vector-icons:javaPreCompileRelease UP-TO-DATE
> Task :react-native-screens:exportReleaseConsumerProguardFiles UP-TO-DATE
> Task :react-native-view-shot:generateReleaseBuildConfig UP-TO-DATE
> Task :react-native-in-app-review:mergeReleaseGeneratedProguardFiles UP-TO-DATE
> Task :react-native-view-shot:javaPreCompileRelease UP-TO-DATE
> Task :react-native-in-app-review:exportReleaseConsumerProguardFiles UP-TO-DATE
> Task :sp-react-native-in-app-updates:generateReleaseBuildConfig UP-TO-DATE
> Task :sp-react-native-in-app-updates:javaPreCompileRelease UP-TO-DATE
> Task :invertase_react-native-apple-authentication:bundleLibCompileToJarRelease UP-TO-DATE
> Task :mixpanel-react-native:bundleLibCompileToJarRelease UP-TO-DATE
> Task :notifee_react-native:bundleLibCompileToJarRelease UP-TO-DATE
> Task :react-native-system-navigation-bar:compileReleaseJavaWithJavac UP-TO-DATE
> Task :react-native-share:compileReleaseJavaWithJavac UP-TO-DATE
> Task :react-native-share:mergeReleaseGeneratedProguardFiles UP-TO-DATE
> Task :react-native-system-navigation-bar:mergeReleaseGeneratedProguardFiles UP-TO-DATE
> Task :react-native-bootsplash:bundleLibCompileToJarRelease UP-TO-DATE
> Task :react-native-view-shot:compileReleaseJavaWithJavac UP-TO-DATE
> Task :react-native-system-navigation-bar:exportReleaseConsumerProguardFiles UP-TO-DATE
> Task :react-native-share:exportReleaseConsumerProguardFiles UP-TO-DATE
> Task :react-native-view-shot:mergeReleaseGeneratedProguardFiles UP-TO-DATE
> Task :react-native-camera-roll_camera-roll:bundleLibCompileToJarRelease UP-TO-DATE
> Task :react-native-vector-icons:compileReleaseJavaWithJavac UP-TO-DATE
> Task :react-native-clipboard_clipboard:bundleLibCompileToJarRelease UP-TO-DATE
> Task :react-native-view-shot:exportReleaseConsumerProguardFiles UP-TO-DATE
> Task :react-native-community_blur:bundleLibCompileToJarRelease UP-TO-DATE
> Task :react-native-vector-icons:mergeReleaseGeneratedProguardFiles UP-TO-DATE
> Task :react-native-compressor:bundleLibCompileToJarRelease UP-TO-DATE
> Task :react-native-vector-icons:exportReleaseConsumerProguardFiles UP-TO-DATE
> Task :react-native-firebase_auth:bundleLibCompileToJarRelease UP-TO-DATE
> Task :react-native-firebase_crashlytics:bundleLibCompileToJarRelease UP-TO-DATE
> Task :react-native-firebase_database:bundleLibCompileToJarRelease UP-TO-DATE
> Task :react-native-firebase_messaging:bundleLibCompileToJarRelease UP-TO-DATE
> Task :react-native-firebase_firestore:bundleLibCompileToJarRelease UP-TO-DATE
> Task :react-native-fs:bundleLibCompileToJarRelease UP-TO-DATE
> Task :react-native-device-info:bundleLibCompileToJarRelease UP-TO-DATE
> Task :sp-react-native-in-app-updates:compileReleaseJavaWithJavac UP-TO-DATE
> Task :sp-react-native-in-app-updates:mergeReleaseGeneratedProguardFiles UP-TO-DATE
> Task :react-native-google-signin_google-signin:bundleLibCompileToJarRelease UP-TO-DATE
> Task :react-native-haptic-feedback:bundleLibCompileToJarRelease UP-TO-DATE
> Task :react-native-google-mobile-ads:bundleLibCompileToJarRelease UP-TO-DATE
> Task :react-native-gesture-handler:bundleLibCompileToJarRelease UP-TO-DATE
> Task :sp-react-native-in-app-updates:exportReleaseConsumerProguardFiles UP-TO-DATE
> Task :react-native-in-app-review:bundleLibCompileToJarRelease UP-TO-DATE
> Task :react-native-image-picker:bundleLibCompileToJarRelease UP-TO-DATE
> Task :react-native-localize:bundleLibCompileToJarRelease UP-TO-DATE
> Task :react-native-safe-area-context:bundleLibCompileToJarRelease UP-TO-DATE
> Task :react-native-mmkv:bundleLibCompileToJarRelease UP-TO-DATE
> Task :react-native-share:bundleLibCompileToJarRelease UP-TO-DATE
> Task :react-native-sound:bundleLibCompileToJarRelease UP-TO-DATE
> Task :react-native-vector-icons:bundleLibCompileToJarRelease UP-TO-DATE
> Task :react-native-purchases-ui:bundleLibCompileToJarRelease UP-TO-DATE
> Task :react-native-screens:bundleLibCompileToJarRelease UP-TO-DATE
> Task :react-native-view-shot:bundleLibCompileToJarRelease UP-TO-DATE
> Task :sp-react-native-in-app-updates:bundleLibCompileToJarRelease UP-TO-DATE
> Task :react-native-system-navigation-bar:bundleLibCompileToJarRelease UP-TO-DATE
> Task :react-native-purchases:compileReleaseKotlin UP-TO-DATE
> Task :react-native-bootsplash:prepareReleaseArtProfile UP-TO-DATE
> Task :mixpanel-react-native:prepareReleaseArtProfile UP-TO-DATE
> Task :invertase_react-native-apple-authentication:prepareReleaseArtProfile UP-TO-DATE
> Task :react-native-purchases:javaPreCompileRelease UP-TO-DATE
> Task :react-native-camera-roll_camera-roll:prepareReleaseArtProfile UP-TO-DATE
> Task :notifee_react-native:prepareReleaseArtProfile UP-TO-DATE
> Task :react-native-clipboard_clipboard:prepareReleaseArtProfile UP-TO-DATE
> Task :react-native-community_blur:prepareReleaseArtProfile UP-TO-DATE
> Task :react-native-device-info:prepareReleaseArtProfile UP-TO-DATE
> Task :react-native-firebase_app:prepareReleaseArtProfile UP-TO-DATE
> Task :react-native-firebase_crashlytics:prepareReleaseArtProfile UP-TO-DATE
> Task :react-native-compressor:prepareReleaseArtProfile UP-TO-DATE
> Task :react-native-firebase_auth:prepareReleaseArtProfile UP-TO-DATE
> Task :react-native-fs:prepareReleaseArtProfile UP-TO-DATE
> Task :react-native-firebase_database:prepareReleaseArtProfile UP-TO-DATE
> Task :react-native-firebase_messaging:prepareReleaseArtProfile UP-TO-DATE
> Task :react-native-firebase_firestore:prepareReleaseArtProfile UP-TO-DATE
> Task :react-native-google-mobile-ads:prepareReleaseArtProfile UP-TO-DATE
> Task :react-native-google-signin_google-signin:prepareReleaseArtProfile UP-TO-DATE
> Task :react-native-haptic-feedback:prepareReleaseArtProfile UP-TO-DATE
> Task :react-native-in-app-review:prepareReleaseArtProfile UP-TO-DATE
> Task :react-native-gesture-handler:prepareReleaseArtProfile UP-TO-DATE
> Task :react-native-image-picker:prepareReleaseArtProfile UP-TO-DATE
> Task :react-native-localize:prepareReleaseArtProfile UP-TO-DATE
> Task :react-native-mmkv:prepareReleaseArtProfile UP-TO-DATE
> Task :react-native-purchases-ui:prepareReleaseArtProfile UP-TO-DATE
> Task :react-native-reanimated:prepareReleaseArtProfile UP-TO-DATE
> Task :react-native-nitro-modules:prepareReleaseArtProfile UP-TO-DATE
> Task :react-native-share:prepareReleaseArtProfile UP-TO-DATE
> Task :react-native-safe-area-context:prepareReleaseArtProfile UP-TO-DATE
> Task :react-native-sound:prepareReleaseArtProfile UP-TO-DATE
> Task :react-native-screens:prepareReleaseArtProfile UP-TO-DATE
> Task :react-native-vector-icons:prepareReleaseArtProfile UP-TO-DATE
> Task :react-native-svg:prepareReleaseArtProfile UP-TO-DATE
> Task :sp-react-native-in-app-updates:prepareReleaseArtProfile UP-TO-DATE
> Task :react-native-view-shot:prepareReleaseArtProfile UP-TO-DATE
> Task :mixpanel-react-native:bundleLibRuntimeToJarRelease UP-TO-DATE
> Task :react-native-system-navigation-bar:prepareReleaseArtProfile UP-TO-DATE
> Task :react-native-purchases:compileReleaseJavaWithJavac UP-TO-DATE
> Task :react-native-worklets:prepareReleaseArtProfile UP-TO-DATE
> Task :invertase_react-native-apple-authentication:bundleLibRuntimeToJarRelease UP-TO-DATE
> Task :notifee_react-native:bundleLibRuntimeToJarRelease UP-TO-DATE
> Task :react-native-bootsplash:bundleLibRuntimeToJarRelease UP-TO-DATE
> Task :react-native-clipboard_clipboard:bundleLibRuntimeToJarRelease UP-TO-DATE
> Task :react-native-purchases:mergeReleaseGeneratedProguardFiles UP-TO-DATE
> Task :react-native-community_blur:bundleLibRuntimeToJarRelease UP-TO-DATE
> Task :react-native-device-info:bundleLibRuntimeToJarRelease UP-TO-DATE
> Task :react-native-compressor:bundleLibRuntimeToJarRelease UP-TO-DATE
> Task :react-native-firebase_auth:bundleLibRuntimeToJarRelease UP-TO-DATE
> Task :react-native-camera-roll_camera-roll:bundleLibRuntimeToJarRelease UP-TO-DATE
> Task :react-native-firebase_app:bundleLibRuntimeToJarRelease UP-TO-DATE
> Task :react-native-purchases:exportReleaseConsumerProguardFiles UP-TO-DATE
> Task :react-native-firebase_crashlytics:bundleLibRuntimeToJarRelease UP-TO-DATE
> Task :react-native-firebase_database:bundleLibRuntimeToJarRelease UP-TO-DATE
> Task :react-native-fs:bundleLibRuntimeToJarRelease UP-TO-DATE
> Task :react-native-firebase_firestore:bundleLibRuntimeToJarRelease UP-TO-DATE
> Task :react-native-gesture-handler:bundleLibRuntimeToJarRelease UP-TO-DATE
> Task :react-native-firebase_messaging:bundleLibRuntimeToJarRelease UP-TO-DATE
> Task :react-native-purchases:bundleLibCompileToJarRelease UP-TO-DATE
> Task :react-native-google-signin_google-signin:bundleLibRuntimeToJarRelease UP-TO-DATE
> Task :react-native-google-mobile-ads:bundleLibRuntimeToJarRelease UP-TO-DATE
> Task :react-native-image-picker:bundleLibRuntimeToJarRelease UP-TO-DATE
> Task :react-native-haptic-feedback:bundleLibRuntimeToJarRelease UP-TO-DATE
> Task :react-native-in-app-review:bundleLibRuntimeToJarRelease UP-TO-DATE
> Task :react-native-mmkv:bundleLibRuntimeToJarRelease UP-TO-DATE
> Task :react-native-nitro-modules:bundleLibRuntimeToJarRelease UP-TO-DATE
> Task :react-native-purchases:prepareReleaseArtProfile UP-TO-DATE
> Task :react-native-reanimated:bundleLibRuntimeToJarRelease UP-TO-DATE
> Task :react-native-safe-area-context:bundleLibRuntimeToJarRelease UP-TO-DATE
> Task :react-native-screens:bundleLibRuntimeToJarRelease UP-TO-DATE
> Task :react-native-share:bundleLibRuntimeToJarRelease UP-TO-DATE
> Task :react-native-sound:bundleLibRuntimeToJarRelease UP-TO-DATE
> Task :react-native-localize:bundleLibRuntimeToJarRelease UP-TO-DATE
> Task :react-native-purchases-ui:bundleLibRuntimeToJarRelease UP-TO-DATE
> Task :react-native-purchases:bundleLibRuntimeToJarRelease UP-TO-DATE
> Task :react-native-system-navigation-bar:bundleLibRuntimeToJarRelease UP-TO-DATE
> Task :react-native-view-shot:bundleLibRuntimeToJarRelease UP-TO-DATE
> Task :react-native-vector-icons:bundleLibRuntimeToJarRelease UP-TO-DATE
> Task :sp-react-native-in-app-updates:bundleLibRuntimeToJarRelease UP-TO-DATE
> Task :react-native-svg:bundleLibRuntimeToJarRelease UP-TO-DATE
> Task :mixpanel-react-native:processReleaseJavaRes NO-SOURCE
> Task :react-native-camera-roll_camera-roll:processReleaseJavaRes NO-SOURCE
> Task :notifee_react-native:processReleaseJavaRes NO-SOURCE
> Task :react-native-worklets:bundleLibRuntimeToJarRelease UP-TO-DATE
> Task :react-native-community_blur:processReleaseJavaRes NO-SOURCE
> Task :invertase_react-native-apple-authentication:processReleaseJavaRes UP-TO-DATE
> Task :react-native-clipboard_clipboard:processReleaseJavaRes NO-SOURCE
> Task :react-native-firebase_app:processReleaseJavaRes NO-SOURCE
> Task :react-native-bootsplash:processReleaseJavaRes UP-TO-DATE
> Task :react-native-device-info:processReleaseJavaRes NO-SOURCE
> Task :react-native-firebase_firestore:processReleaseJavaRes NO-SOURCE
> Task :react-native-firebase_auth:processReleaseJavaRes NO-SOURCE
> Task :react-native-firebase_crashlytics:processReleaseJavaRes NO-SOURCE
> Task :react-native-firebase_messaging:processReleaseJavaRes NO-SOURCE
> Task :react-native-fs:processReleaseJavaRes NO-SOURCE
> Task :react-native-compressor:processReleaseJavaRes UP-TO-DATE
> Task :react-native-firebase_database:processReleaseJavaRes NO-SOURCE
> Task :react-native-google-signin_google-signin:processReleaseJavaRes UP-TO-DATE
> Task :react-native-haptic-feedback:processReleaseJavaRes NO-SOURCE
> Task :react-native-gesture-handler:processReleaseJavaRes UP-TO-DATE
> Task :react-native-google-mobile-ads:processReleaseJavaRes UP-TO-DATE
> Task :react-native-image-picker:processReleaseJavaRes NO-SOURCE
> Task :react-native-localize:processReleaseJavaRes UP-TO-DATE
> Task :react-native-mmkv:processReleaseJavaRes UP-TO-DATE
> Task :react-native-nitro-modules:processReleaseJavaRes UP-TO-DATE
> Task :react-native-purchases-ui:processReleaseJavaRes UP-TO-DATE
> Task :react-native-reanimated:processReleaseJavaRes NO-SOURCE
> Task :react-native-purchases:processReleaseJavaRes UP-TO-DATE
> Task :react-native-share:processReleaseJavaRes NO-SOURCE
> Task :react-native-safe-area-context:processReleaseJavaRes UP-TO-DATE
> Task :react-native-svg:processReleaseJavaRes NO-SOURCE
> Task :react-native-sound:processReleaseJavaRes UP-TO-DATE
> Task :react-native-screens:processReleaseJavaRes UP-TO-DATE
> Task :react-native-vector-icons:processReleaseJavaRes NO-SOURCE
> Task :react-native-system-navigation-bar:processReleaseJavaRes NO-SOURCE
> Task :react-native-view-shot:processReleaseJavaRes NO-SOURCE
> Task :react-native-worklets:processReleaseJavaRes NO-SOURCE
> Task :sp-react-native-in-app-updates:processReleaseJavaRes NO-SOURCE
> Task :notifee_react-native:mergeReleaseJniLibFolders UP-TO-DATE
> Task :mixpanel-react-native:mergeReleaseJniLibFolders UP-TO-DATE
> Task :invertase_react-native-apple-authentication:mergeReleaseJniLibFolders UP-TO-DATE
> Task :mixpanel-react-native:mergeReleaseNativeLibs NO-SOURCE
> Task :react-native-bootsplash:mergeReleaseJniLibFolders UP-TO-DATE
> Task :notifee_react-native:mergeReleaseNativeLibs NO-SOURCE
> Task :invertase_react-native-apple-authentication:mergeReleaseNativeLibs NO-SOURCE
> Task :mixpanel-react-native:copyReleaseJniLibsProjectOnly UP-TO-DATE
> Task :invertase_react-native-apple-authentication:copyReleaseJniLibsProjectOnly UP-TO-DATE
> Task :notifee_react-native:copyReleaseJniLibsProjectOnly UP-TO-DATE
> Task :react-native-camera-roll_camera-roll:mergeReleaseJniLibFolders UP-TO-DATE
> Task :react-native-bootsplash:mergeReleaseNativeLibs NO-SOURCE
> Task :react-native-clipboard_clipboard:mergeReleaseJniLibFolders UP-TO-DATE
> Task :react-native-bootsplash:copyReleaseJniLibsProjectOnly UP-TO-DATE
> Task :react-native-community_blur:mergeReleaseJniLibFolders UP-TO-DATE
> Task :react-native-in-app-review:processReleaseJavaRes NO-SOURCE
> Task :react-native-camera-roll_camera-roll:mergeReleaseNativeLibs NO-SOURCE
> Task :react-native-clipboard_clipboard:mergeReleaseNativeLibs NO-SOURCE
> Task :react-native-community_blur:mergeReleaseNativeLibs NO-SOURCE
> Task :react-native-compressor:mergeReleaseJniLibFolders UP-TO-DATE
> Task :react-native-camera-roll_camera-roll:copyReleaseJniLibsProjectOnly UP-TO-DATE
> Task :react-native-community_blur:copyReleaseJniLibsProjectOnly UP-TO-DATE
> Task :react-native-clipboard_clipboard:copyReleaseJniLibsProjectOnly UP-TO-DATE
> Task :react-native-compressor:mergeReleaseNativeLibs NO-SOURCE
> Task :react-native-firebase_auth:mergeReleaseJniLibFolders UP-TO-DATE
> Task :react-native-firebase_app:mergeReleaseJniLibFolders UP-TO-DATE
> Task :react-native-firebase_crashlytics:mergeReleaseJniLibFolders UP-TO-DATE
> Task :react-native-compressor:copyReleaseJniLibsProjectOnly UP-TO-DATE
> Task :react-native-device-info:mergeReleaseJniLibFolders UP-TO-DATE
> Task :react-native-firebase_app:mergeReleaseNativeLibs NO-SOURCE
> Task :react-native-firebase_auth:mergeReleaseNativeLibs NO-SOURCE
> Task :react-native-firebase_crashlytics:mergeReleaseNativeLibs NO-SOURCE
> Task :react-native-firebase_database:mergeReleaseJniLibFolders UP-TO-DATE
> Task :react-native-firebase_app:copyReleaseJniLibsProjectOnly UP-TO-DATE
> Task :react-native-firebase_auth:copyReleaseJniLibsProjectOnly UP-TO-DATE
> Task :react-native-firebase_crashlytics:copyReleaseJniLibsProjectOnly UP-TO-DATE
> Task :react-native-firebase_database:mergeReleaseNativeLibs NO-SOURCE
> Task :react-native-firebase_firestore:mergeReleaseJniLibFolders UP-TO-DATE
> Task :react-native-device-info:mergeReleaseNativeLibs NO-SOURCE
> Task :react-native-fs:mergeReleaseJniLibFolders UP-TO-DATE
> Task :react-native-firebase_messaging:mergeReleaseJniLibFolders UP-TO-DATE
> Task :react-native-firebase_database:copyReleaseJniLibsProjectOnly UP-TO-DATE
> Task :react-native-firebase_firestore:mergeReleaseNativeLibs NO-SOURCE
> Task :react-native-gesture-handler:mergeReleaseJniLibFolders UP-TO-DATE
> Task :react-native-fs:mergeReleaseNativeLibs NO-SOURCE
> Task :react-native-firebase_messaging:mergeReleaseNativeLibs NO-SOURCE
> Task :react-native-firebase_firestore:copyReleaseJniLibsProjectOnly UP-TO-DATE
> Task :react-native-google-mobile-ads:mergeReleaseJniLibFolders UP-TO-DATE
> Task :react-native-firebase_messaging:copyReleaseJniLibsProjectOnly UP-TO-DATE
> Task :react-native-fs:copyReleaseJniLibsProjectOnly UP-TO-DATE
> Task :react-native-google-mobile-ads:mergeReleaseNativeLibs NO-SOURCE
> Task :react-native-device-info:copyReleaseJniLibsProjectOnly UP-TO-DATE
> Task :react-native-image-picker:mergeReleaseJniLibFolders UP-TO-DATE
> Task :react-native-google-signin_google-signin:mergeReleaseJniLibFolders UP-TO-DATE
> Task :react-native-haptic-feedback:mergeReleaseJniLibFolders UP-TO-DATE
> Task :react-native-google-mobile-ads:copyReleaseJniLibsProjectOnly UP-TO-DATE
> Task :react-native-google-signin_google-signin:mergeReleaseNativeLibs NO-SOURCE
> Task :react-native-image-picker:mergeReleaseNativeLibs NO-SOURCE
> Task :react-native-haptic-feedback:mergeReleaseNativeLibs NO-SOURCE
> Task :react-native-localize:mergeReleaseJniLibFolders UP-TO-DATE
> Task :react-native-google-signin_google-signin:copyReleaseJniLibsProjectOnly UP-TO-DATE
> Task :react-native-image-picker:copyReleaseJniLibsProjectOnly UP-TO-DATE
> Task :react-native-haptic-feedback:copyReleaseJniLibsProjectOnly UP-TO-DATE
> Task :react-native-in-app-review:mergeReleaseJniLibFolders UP-TO-DATE
> Task :react-native-mmkv:mergeReleaseJniLibFolders UP-TO-DATE
> Task :react-native-purchases-ui:mergeReleaseJniLibFolders UP-TO-DATE
> Task :react-native-purchases:mergeReleaseJniLibFolders UP-TO-DATE
> Task :react-native-localize:mergeReleaseNativeLibs NO-SOURCE
> Task :react-native-in-app-review:mergeReleaseNativeLibs NO-SOURCE
> Task :react-native-localize:copyReleaseJniLibsProjectOnly UP-TO-DATE
> Task :react-native-reanimated:mergeReleaseJniLibFolders UP-TO-DATE
> Task :react-native-in-app-review:copyReleaseJniLibsProjectOnly UP-TO-DATE
> Task :react-native-safe-area-context:mergeReleaseJniLibFolders UP-TO-DATE
> Task :react-native-purchases-ui:mergeReleaseNativeLibs NO-SOURCE
> Task :react-native-purchases:mergeReleaseNativeLibs NO-SOURCE
> Task :react-native-share:mergeReleaseJniLibFolders UP-TO-DATE
> Task :react-native-purchases:copyReleaseJniLibsProjectOnly UP-TO-DATE
> Task :react-native-purchases-ui:copyReleaseJniLibsProjectOnly UP-TO-DATE
> Task :react-native-safe-area-context:mergeReleaseNativeLibs NO-SOURCE
> Task :react-native-share:mergeReleaseNativeLibs NO-SOURCE
> Task :react-native-sound:mergeReleaseJniLibFolders UP-TO-DATE
> Task :react-native-svg:mergeReleaseJniLibFolders UP-TO-DATE
> Task :react-native-safe-area-context:copyReleaseJniLibsProjectOnly UP-TO-DATE
> Task :react-native-share:copyReleaseJniLibsProjectOnly UP-TO-DATE
> Task :react-native-svg:mergeReleaseNativeLibs NO-SOURCE
> Task :react-native-system-navigation-bar:mergeReleaseJniLibFolders UP-TO-DATE
> Task :react-native-vector-icons:mergeReleaseJniLibFolders UP-TO-DATE
> Task :react-native-svg:copyReleaseJniLibsProjectOnly UP-TO-DATE
> Task :react-native-sound:mergeReleaseNativeLibs NO-SOURCE
> Task :react-native-vector-icons:mergeReleaseNativeLibs NO-SOURCE
> Task :react-native-system-navigation-bar:mergeReleaseNativeLibs NO-SOURCE
> Task :react-native-sound:copyReleaseJniLibsProjectOnly UP-TO-DATE
> Task :react-native-view-shot:mergeReleaseJniLibFolders UP-TO-DATE
> Task :react-native-system-navigation-bar:copyReleaseJniLibsProjectOnly UP-TO-DATE
> Task :react-native-vector-icons:copyReleaseJniLibsProjectOnly UP-TO-DATE
> Task :react-native-view-shot:mergeReleaseNativeLibs NO-SOURCE
> Task :sp-react-native-in-app-updates:mergeReleaseJniLibFolders UP-TO-DATE
> Task :react-native-view-shot:copyReleaseJniLibsProjectOnly UP-TO-DATE
> Task :mixpanel-react-native:createFullJarRelease UP-TO-DATE
> Task :invertase_react-native-apple-authentication:createFullJarRelease UP-TO-DATE
> Task :sp-react-native-in-app-updates:mergeReleaseNativeLibs NO-SOURCE
> Task :mixpanel-react-native:extractProguardFiles UP-TO-DATE
> Task :invertase_react-native-apple-authentication:extractProguardFiles UP-TO-DATE
> Task :notifee_react-native:createFullJarRelease UP-TO-DATE
> Task :sp-react-native-in-app-updates:copyReleaseJniLibsProjectOnly UP-TO-DATE
> Task :react-native-bootsplash:createFullJarRelease UP-TO-DATE
> Task :notifee_react-native:extractProguardFiles UP-TO-DATE
> Task :react-native-bootsplash:extractProguardFiles UP-TO-DATE
> Task :react-native-bootsplash:generateReleaseLintModel UP-TO-DATE
> Task :invertase_react-native-apple-authentication:generateReleaseLintModel UP-TO-DATE
> Task :notifee_react-native:generateReleaseLintModel UP-TO-DATE
> Task :mixpanel-react-native:generateReleaseLintModel UP-TO-DATE
> Task :react-native-bootsplash:prepareLintJarForPublish UP-TO-DATE
> Task :invertase_react-native-apple-authentication:prepareLintJarForPublish UP-TO-DATE
> Task :mixpanel-react-native:prepareLintJarForPublish UP-TO-DATE
> Task :notifee_react-native:prepareLintJarForPublish UP-TO-DATE
> Task :react-native-camera-roll_camera-roll:createFullJarRelease UP-TO-DATE
> Task :react-native-community_blur:createFullJarRelease UP-TO-DATE
> Task :react-native-clipboard_clipboard:createFullJarRelease UP-TO-DATE
> Task :react-native-compressor:createFullJarRelease UP-TO-DATE
> Task :react-native-camera-roll_camera-roll:extractProguardFiles UP-TO-DATE
> Task :react-native-community_blur:extractProguardFiles UP-TO-DATE
> Task :react-native-clipboard_clipboard:extractProguardFiles UP-TO-DATE
> Task :react-native-compressor:extractProguardFiles UP-TO-DATE
> Task :react-native-camera-roll_camera-roll:generateReleaseLintModel UP-TO-DATE
> Task :react-native-camera-roll_camera-roll:prepareLintJarForPublish UP-TO-DATE
> Task :react-native-clipboard_clipboard:generateReleaseLintModel UP-TO-DATE
> Task :react-native-device-info:createFullJarRelease UP-TO-DATE
> Task :react-native-clipboard_clipboard:prepareLintJarForPublish UP-TO-DATE
> Task :react-native-device-info:extractProguardFiles UP-TO-DATE
> Task :react-native-firebase_app:createFullJarRelease UP-TO-DATE
> Task :react-native-firebase_app:extractProguardFiles UP-TO-DATE
> Task :react-native-community_blur:generateReleaseLintModel UP-TO-DATE
> Task :react-native-community_blur:prepareLintJarForPublish UP-TO-DATE
> Task :react-native-device-info:generateReleaseLintModel UP-TO-DATE
> Task :react-native-device-info:prepareLintJarForPublish UP-TO-DATE
> Task :react-native-firebase_crashlytics:createFullJarRelease UP-TO-DATE
> Task :react-native-firebase_crashlytics:extractProguardFiles UP-TO-DATE
> Task :react-native-firebase_crashlytics:prepareLintJarForPublish UP-TO-DATE
> Task :react-native-firebase_database:createFullJarRelease UP-TO-DATE
> Task :react-native-firebase_auth:createFullJarRelease UP-TO-DATE
> Task :react-native-firebase_database:extractProguardFiles UP-TO-DATE
> Task :react-native-firebase_auth:extractProguardFiles UP-TO-DATE
> Task :react-native-firebase_database:prepareLintJarForPublish UP-TO-DATE
> Task :react-native-firebase_auth:prepareLintJarForPublish UP-TO-DATE
> Task :react-native-firebase_firestore:createFullJarRelease UP-TO-DATE
> Task :react-native-firebase_messaging:createFullJarRelease UP-TO-DATE
> Task :react-native-firebase_messaging:extractProguardFiles UP-TO-DATE
> Task :react-native-firebase_firestore:extractProguardFiles UP-TO-DATE
> Task :react-native-firebase_firestore:prepareLintJarForPublish UP-TO-DATE
> Task :react-native-firebase_messaging:prepareLintJarForPublish UP-TO-DATE
> Task :react-native-fs:createFullJarRelease UP-TO-DATE
> Task :react-native-gesture-handler:createFullJarRelease UP-TO-DATE
> Task :react-native-fs:extractProguardFiles UP-TO-DATE
> Task :react-native-gesture-handler:extractProguardFiles UP-TO-DATE
> Task :react-native-reanimated:createFullJarRelease UP-TO-DATE
> Task :react-native-reanimated:extractProguardFiles UP-TO-DATE
> Task :react-native-reanimated:prepareLintJarForPublish UP-TO-DATE
> Task :react-native-fs:generateReleaseLintModel UP-TO-DATE
> Task :react-native-fs:prepareLintJarForPublish UP-TO-DATE
> Task :react-native-gesture-handler:prepareLintJarForPublish UP-TO-DATE
> Task :react-native-google-mobile-ads:createFullJarRelease UP-TO-DATE
> Task :react-native-google-mobile-ads:extractProguardFiles UP-TO-DATE
> Task :react-native-svg:createFullJarRelease UP-TO-DATE
> Task :react-native-svg:extractProguardFiles UP-TO-DATE
> Task :react-native-nitro-modules:configureCMakeRelWithDebInfo[arm64-v8a]
> Task :react-native-worklets:configureCMakeRelWithDebInfo[arm64-v8a]
> Task :react-native-screens:configureCMakeRelWithDebInfo[arm64-v8a]
> Task :react-native-svg:generateReleaseLintModel UP-TO-DATE
> Task :react-native-svg:prepareLintJarForPublish UP-TO-DATE
> Task :react-native-google-signin_google-signin:createFullJarRelease UP-TO-DATE
> Task :react-native-google-signin_google-signin:extractProguardFiles UP-TO-DATE
> Task :react-native-google-signin_google-signin:generateReleaseLintModel UP-TO-DATE
> Task :react-native-google-signin_google-signin:prepareLintJarForPublish UP-TO-DATE
> Task :react-native-haptic-feedback:createFullJarRelease UP-TO-DATE
> Task :react-native-haptic-feedback:extractProguardFiles UP-TO-DATE
> Task :react-native-haptic-feedback:generateReleaseLintModel UP-TO-DATE
> Task :react-native-haptic-feedback:prepareLintJarForPublish UP-TO-DATE
> Task :react-native-image-picker:createFullJarRelease UP-TO-DATE
> Task :react-native-image-picker:extractProguardFiles UP-TO-DATE
> Task :react-native-firebase_app:generateReleaseLintModel UP-TO-DATE
> Task :react-native-firebase_app:prepareLintJarForPublish UP-TO-DATE
> Task :react-native-compressor:generateReleaseLintModel UP-TO-DATE

> Task :app:createBundleReleaseJsAndAssets

                        ▒▒▓▓▓▓▒▒
                     ▒▓▓▓▒▒░░▒▒▓▓▓▒
                  ▒▓▓▓▓░░░▒▒▒▒░░░▓▓▓▓▒
                 ▓▓▒▒▒▓▓▓▓▓▓▓▓▓▓▓▓▒▒▒▓▓
                 ▓▓░░░░░▒▓▓▓▓▓▓▒░░░░░▓▓
                 ▓▓░░▓▓▒░░░▒▒░░░▒▓▒░░▓▓
                 ▓▓░░▓▓▓▓▓▒▒▒▒▓▓▓▓▒░░▓▓
                 ▓▓░░▓▓▓▓▓▓▓▓▓▓▓▓▓▒░░▓▓
                 ▓▓▒░░▒▒▓▓▓▓▓▓▓▓▒░░░▒▓▓
                  ▒▓▓▓▒░░░▒▓▓▒░░░▒▓▓▓▒
                     ▒▓▓▓▒░░░░▒▓▓▓▒
                        ▒▒▓▓▓▓▒▒


 WARN  the transform cache was reset.
                Welcome to Metro v0.83.5
              Fast - Scalable - Integrated



> Task :react-native-compressor:prepareLintJarForPublish UP-TO-DATE
> Task :react-native-google-mobile-ads:generateReleaseLintModel UP-TO-DATE
> Task :react-native-image-picker:generateReleaseLintModel UP-TO-DATE
> Task :react-native-firebase_auth:generateReleaseLintModel UP-TO-DATE
> Task :react-native-firebase_database:generateReleaseLintModel UP-TO-DATE
> Task :react-native-google-mobile-ads:prepareLintJarForPublish UP-TO-DATE
> Task :react-native-image-picker:prepareLintJarForPublish UP-TO-DATE
> Task :react-native-in-app-review:createFullJarRelease UP-TO-DATE
> Task :react-native-in-app-review:extractProguardFiles UP-TO-DATE
> Task :react-native-firebase_firestore:generateReleaseLintModel UP-TO-DATE
> Task :react-native-localize:createFullJarRelease UP-TO-DATE
> Task :react-native-localize:extractProguardFiles UP-TO-DATE
> Task :react-native-localize:generateReleaseLintModel UP-TO-DATE
> Task :react-native-localize:prepareLintJarForPublish UP-TO-DATE
> Task :react-native-mmkv:createFullJarRelease UP-TO-DATE
> Task :react-native-mmkv:extractProguardFiles UP-TO-DATE
> Task :react-native-mmkv:prepareLintJarForPublish UP-TO-DATE
> Task :react-native-purchases:createFullJarRelease UP-TO-DATE
> Task :react-native-purchases:extractProguardFiles UP-TO-DATE
> Task :react-native-firebase_crashlytics:generateReleaseLintModel UP-TO-DATE
> Task :react-native-purchases-ui:createFullJarRelease UP-TO-DATE
> Task :react-native-purchases-ui:extractProguardFiles UP-TO-DATE
> Task :react-native-in-app-review:generateReleaseLintModel UP-TO-DATE
> Task :react-native-in-app-review:prepareLintJarForPublish UP-TO-DATE
> Task :react-native-safe-area-context:createFullJarRelease UP-TO-DATE
> Task :react-native-safe-area-context:extractProguardFiles UP-TO-DATE
> Task :react-native-safe-area-context:generateReleaseLintModel UP-TO-DATE
> Task :react-native-safe-area-context:prepareLintJarForPublish UP-TO-DATE
> Task :react-native-share:createFullJarRelease UP-TO-DATE
> Task :react-native-share:extractProguardFiles UP-TO-DATE
> Task :react-native-share:generateReleaseLintModel UP-TO-DATE
> Task :react-native-share:prepareLintJarForPublish UP-TO-DATE
> Task :react-native-sound:createFullJarRelease UP-TO-DATE
> Task :react-native-firebase_messaging:generateReleaseLintModel UP-TO-DATE
> Task :react-native-sound:extractProguardFiles UP-TO-DATE
> Task :react-native-system-navigation-bar:createFullJarRelease UP-TO-DATE
> Task :react-native-system-navigation-bar:extractProguardFiles UP-TO-DATE
> Task :react-native-sound:generateReleaseLintModel UP-TO-DATE
> Task :react-native-sound:prepareLintJarForPublish UP-TO-DATE
> Task :react-native-purchases:generateReleaseLintModel UP-TO-DATE
> Task :react-native-system-navigation-bar:generateReleaseLintModel UP-TO-DATE
> Task :react-native-system-navigation-bar:prepareLintJarForPublish UP-TO-DATE
> Task :react-native-view-shot:createFullJarRelease UP-TO-DATE
> Task :react-native-vector-icons:createFullJarRelease UP-TO-DATE
> Task :react-native-purchases:prepareLintJarForPublish UP-TO-DATE
> Task :react-native-vector-icons:extractProguardFiles UP-TO-DATE
> Task :sp-react-native-in-app-updates:createFullJarRelease UP-TO-DATE
> Task :react-native-view-shot:extractProguardFiles UP-TO-DATE
> Task :sp-react-native-in-app-updates:extractProguardFiles UP-TO-DATE
> Task :react-native-vector-icons:generateReleaseLintModel UP-TO-DATE
> Task :react-native-vector-icons:prepareLintJarForPublish UP-TO-DATE
> Task :invertase_react-native-apple-authentication:stripReleaseDebugSymbols NO-SOURCE
> Task :invertase_react-native-apple-authentication:copyReleaseJniLibsProjectAndLocalJars UP-TO-DATE
> Task :react-native-view-shot:generateReleaseLintModel UP-TO-DATE
> Task :invertase_react-native-apple-authentication:extractDeepLinksForAarRelease UP-TO-DATE
> Task :react-native-view-shot:prepareLintJarForPublish UP-TO-DATE
> Task :react-native-google-signin_google-signin:stripReleaseDebugSymbols NO-SOURCE
> Task :react-native-google-signin_google-signin:copyReleaseJniLibsProjectAndLocalJars UP-TO-DATE
> Task :react-native-google-signin_google-signin:extractDeepLinksForAarRelease UP-TO-DATE
> Task :react-native-nitro-modules:buildCMakeRelWithDebInfo[arm64-v8a]
> Task :react-native-screens:buildCMakeRelWithDebInfo[arm64-v8a]
> Task :invertase_react-native-apple-authentication:extractReleaseAnnotations UP-TO-DATE
> Task :react-native-google-signin_google-signin:extractReleaseAnnotations UP-TO-DATE
> Task :invertase_react-native-apple-authentication:mergeReleaseConsumerProguardFiles UP-TO-DATE
> Task :react-native-google-signin_google-signin:mergeReleaseConsumerProguardFiles UP-TO-DATE
> Task :react-native-purchases-ui:generateReleaseLintModel UP-TO-DATE
> Task :sp-react-native-in-app-updates:generateReleaseLintModel UP-TO-DATE
> Task :react-native-nitro-modules:configureCMakeRelWithDebInfo[armeabi-v7a]
> Task :sp-react-native-in-app-updates:prepareLintJarForPublish UP-TO-DATE
> Task :react-native-purchases-ui:prepareLintJarForPublish UP-TO-DATE
> Task :react-native-google-signin_google-signin:mergeReleaseJavaResource UP-TO-DATE
> Task :invertase_react-native-apple-authentication:mergeReleaseJavaResource UP-TO-DATE
> Task :react-native-compressor:stripReleaseDebugSymbols NO-SOURCE
> Task :react-native-bootsplash:stripReleaseDebugSymbols NO-SOURCE
> Task :react-native-google-signin_google-signin:syncReleaseLibJars UP-TO-DATE
> Task :invertase_react-native-apple-authentication:syncReleaseLibJars UP-TO-DATE
> Task :react-native-bootsplash:copyReleaseJniLibsProjectAndLocalJars UP-TO-DATE
> Task :react-native-compressor:copyReleaseJniLibsProjectAndLocalJars UP-TO-DATE
> Task :react-native-screens:configureCMakeRelWithDebInfo[armeabi-v7a]
> Task :invertase_react-native-apple-authentication:bundleReleaseLocalLintAar UP-TO-DATE
> Task :react-native-google-signin_google-signin:bundleReleaseLocalLintAar UP-TO-DATE
> Task :react-native-compressor:extractDeepLinksForAarRelease UP-TO-DATE
> Task :react-native-bootsplash:extractDeepLinksForAarRelease UP-TO-DATE
> Task :react-native-bootsplash:extractReleaseAnnotations UP-TO-DATE
> Task :react-native-bootsplash:mergeReleaseConsumerProguardFiles UP-TO-DATE
> Task :react-native-compressor:extractReleaseAnnotations UP-TO-DATE
> Task :react-native-gesture-handler:extractDeepLinksForAarRelease UP-TO-DATE
> Task :react-native-bootsplash:mergeReleaseJavaResource UP-TO-DATE
> Task :react-native-compressor:mergeReleaseConsumerProguardFiles UP-TO-DATE
> Task :react-native-google-mobile-ads:stripReleaseDebugSymbols NO-SOURCE
> Task :react-native-google-mobile-ads:copyReleaseJniLibsProjectAndLocalJars UP-TO-DATE
> Task :react-native-bootsplash:syncReleaseLibJars UP-TO-DATE
> Task :react-native-google-mobile-ads:extractDeepLinksForAarRelease UP-TO-DATE
> Task :react-native-gesture-handler:extractReleaseAnnotations UP-TO-DATE
> Task :react-native-bootsplash:bundleReleaseLocalLintAar UP-TO-DATE
> Task :react-native-compressor:mergeReleaseJavaResource UP-TO-DATE
> Task :react-native-gesture-handler:mergeReleaseConsumerProguardFiles UP-TO-DATE
> Task :react-native-compressor:syncReleaseLibJars UP-TO-DATE
> Task :react-native-google-mobile-ads:extractReleaseAnnotations UP-TO-DATE
> Task :react-native-google-mobile-ads:mergeReleaseConsumerProguardFiles UP-TO-DATE
> Task :react-native-compressor:bundleReleaseLocalLintAar UP-TO-DATE
> Task :react-native-gesture-handler:mergeReleaseJavaResource UP-TO-DATE
> Task :react-native-localize:stripReleaseDebugSymbols NO-SOURCE
> Task :react-native-google-mobile-ads:mergeReleaseJavaResource UP-TO-DATE
> Task :react-native-localize:copyReleaseJniLibsProjectAndLocalJars UP-TO-DATE
> Task :react-native-worklets:buildCMakeRelWithDebInfo[arm64-v8a][worklets]
> Task :react-native-gesture-handler:syncReleaseLibJars UP-TO-DATE
> Task :react-native-localize:extractDeepLinksForAarRelease UP-TO-DATE
> Task :react-native-mmkv:extractDeepLinksForAarRelease UP-TO-DATE
> Task :react-native-google-mobile-ads:syncReleaseLibJars UP-TO-DATE
> Task :react-native-google-mobile-ads:bundleReleaseLocalLintAar UP-TO-DATE
> Task :react-native-purchases-ui:stripReleaseDebugSymbols NO-SOURCE
> Task :react-native-localize:extractReleaseAnnotations UP-TO-DATE
> Task :react-native-mmkv:extractReleaseAnnotations UP-TO-DATE
> Task :react-native-purchases-ui:copyReleaseJniLibsProjectAndLocalJars UP-TO-DATE
> Task :react-native-mmkv:mergeReleaseConsumerProguardFiles UP-TO-DATE
> Task :react-native-purchases-ui:extractDeepLinksForAarRelease UP-TO-DATE
> Task :react-native-mmkv:mergeReleaseJavaResource UP-TO-DATE
> Task :react-native-localize:mergeReleaseConsumerProguardFiles UP-TO-DATE
> Task :react-native-safe-area-context:stripReleaseDebugSymbols NO-SOURCE
> Task :react-native-worklets:configureCMakeRelWithDebInfo[armeabi-v7a]
> Task :react-native-purchases-ui:extractReleaseAnnotations UP-TO-DATE
> Task :react-native-mmkv:syncReleaseLibJars UP-TO-DATE
> Task :react-native-localize:mergeReleaseJavaResource UP-TO-DATE
> Task :react-native-safe-area-context:copyReleaseJniLibsProjectAndLocalJars UP-TO-DATE
> Task :react-native-sound:stripReleaseDebugSymbols NO-SOURCE
> Task :react-native-purchases-ui:mergeReleaseConsumerProguardFiles UP-TO-DATE
> Task :react-native-localize:syncReleaseLibJars UP-TO-DATE
> Task :react-native-safe-area-context:extractDeepLinksForAarRelease UP-TO-DATE
> Task :react-native-sound:copyReleaseJniLibsProjectAndLocalJars UP-TO-DATE
> Task :react-native-localize:bundleReleaseLocalLintAar UP-TO-DATE
> Task :react-native-sound:extractDeepLinksForAarRelease UP-TO-DATE
> Task :react-native-purchases-ui:mergeReleaseJavaResource UP-TO-DATE
> Task :react-native-safe-area-context:extractReleaseAnnotations UP-TO-DATE
> Task :react-native-purchases-ui:syncReleaseLibJars UP-TO-DATE
> Task :react-native-reanimated:extractDeepLinksForAarRelease UP-TO-DATE
> Task :react-native-safe-area-context:mergeReleaseConsumerProguardFiles UP-TO-DATE
> Task :react-native-sound:extractReleaseAnnotations UP-TO-DATE
> Task :react-native-purchases-ui:bundleReleaseLocalLintAar UP-TO-DATE
> Task :react-native-safe-area-context:mergeReleaseJavaResource UP-TO-DATE
> Task :react-native-sound:mergeReleaseConsumerProguardFiles UP-TO-DATE
> Task :react-native-reanimated:extractReleaseAnnotations UP-TO-DATE
> Task :notifee_react-native:stripReleaseDebugSymbols NO-SOURCE
> Task :react-native-safe-area-context:syncReleaseLibJars UP-TO-DATE
> Task :react-native-sound:mergeReleaseJavaResource UP-TO-DATE
> Task :notifee_react-native:copyReleaseJniLibsProjectAndLocalJars UP-TO-DATE
> Task :react-native-reanimated:mergeReleaseConsumerProguardFiles UP-TO-DATE
> Task :notifee_react-native:extractDeepLinksForAarRelease UP-TO-DATE
> Task :react-native-safe-area-context:bundleReleaseLocalLintAar UP-TO-DATE
> Task :react-native-sound:syncReleaseLibJars UP-TO-DATE
> Task :react-native-reanimated:mergeReleaseJavaResource UP-TO-DATE
> Task :react-native-sound:bundleReleaseLocalLintAar UP-TO-DATE
> Task :react-native-reanimated:syncReleaseLibJars UP-TO-DATE
> Task :notifee_react-native:extractReleaseAnnotations UP-TO-DATE
> Task :react-native-clipboard_clipboard:stripReleaseDebugSymbols NO-SOURCE
> Task :react-native-camera-roll_camera-roll:stripReleaseDebugSymbols NO-SOURCE
> Task :notifee_react-native:mergeReleaseConsumerProguardFiles UP-TO-DATE
> Task :react-native-clipboard_clipboard:copyReleaseJniLibsProjectAndLocalJars UP-TO-DATE
> Task :react-native-camera-roll_camera-roll:copyReleaseJniLibsProjectAndLocalJars UP-TO-DATE
> Task :react-native-camera-roll_camera-roll:extractDeepLinksForAarRelease UP-TO-DATE
> Task :react-native-clipboard_clipboard:extractDeepLinksForAarRelease UP-TO-DATE
> Task :notifee_react-native:mergeReleaseJavaResource UP-TO-DATE
> Task :react-native-community_blur:stripReleaseDebugSymbols NO-SOURCE
> Task :notifee_react-native:syncReleaseLibJars UP-TO-DATE
> Task :react-native-community_blur:copyReleaseJniLibsProjectAndLocalJars UP-TO-DATE
> Task :notifee_react-native:bundleReleaseLocalLintAar UP-TO-DATE
> Task :react-native-community_blur:extractDeepLinksForAarRelease UP-TO-DATE
> Task :react-native-camera-roll_camera-roll:extractReleaseAnnotations UP-TO-DATE
> Task :react-native-clipboard_clipboard:extractReleaseAnnotations UP-TO-DATE
> Task :react-native-camera-roll_camera-roll:mergeReleaseConsumerProguardFiles UP-TO-DATE
> Task :react-native-clipboard_clipboard:mergeReleaseConsumerProguardFiles UP-TO-DATE
> Task :react-native-camera-roll_camera-roll:mergeReleaseJavaResource UP-TO-DATE
> Task :react-native-firebase_auth:stripReleaseDebugSymbols NO-SOURCE
> Task :react-native-camera-roll_camera-roll:syncReleaseLibJars UP-TO-DATE
> Task :react-native-clipboard_clipboard:mergeReleaseJavaResource UP-TO-DATE
> Task :react-native-firebase_auth:copyReleaseJniLibsProjectAndLocalJars UP-TO-DATE
> Task :react-native-firebase_auth:extractDeepLinksForAarRelease UP-TO-DATE
> Task :react-native-camera-roll_camera-roll:bundleReleaseLocalLintAar UP-TO-DATE
> Task :react-native-community_blur:extractReleaseAnnotations UP-TO-DATE
> Task :react-native-community_blur:mergeReleaseConsumerProguardFiles UP-TO-DATE
> Task :react-native-clipboard_clipboard:syncReleaseLibJars UP-TO-DATE
> Task :react-native-community_blur:mergeReleaseJavaResource UP-TO-DATE
> Task :react-native-clipboard_clipboard:bundleReleaseLocalLintAar UP-TO-DATE
> Task :react-native-firebase_crashlytics:stripReleaseDebugSymbols NO-SOURCE
> Task :react-native-firebase_crashlytics:copyReleaseJniLibsProjectAndLocalJars UP-TO-DATE
> Task :react-native-community_blur:syncReleaseLibJars UP-TO-DATE
> Task :react-native-firebase_auth:extractReleaseAnnotations UP-TO-DATE
> Task :react-native-firebase_auth:mergeReleaseConsumerProguardFiles UP-TO-DATE
> Task :react-native-firebase_crashlytics:extractDeepLinksForAarRelease UP-TO-DATE
> Task :react-native-community_blur:bundleReleaseLocalLintAar UP-TO-DATE
> Task :react-native-firebase_auth:mergeReleaseJavaResource UP-TO-DATE
> Task :react-native-firebase_database:stripReleaseDebugSymbols NO-SOURCE
> Task :react-native-firebase_database:copyReleaseJniLibsProjectAndLocalJars UP-TO-DATE
> Task :react-native-firebase_auth:syncReleaseLibJars UP-TO-DATE
> Task :react-native-firebase_database:extractDeepLinksForAarRelease UP-TO-DATE
> Task :react-native-firebase_auth:bundleReleaseLocalLintAar UP-TO-DATE
> Task :react-native-firebase_crashlytics:extractReleaseAnnotations UP-TO-DATE
> Task :react-native-firebase_firestore:stripReleaseDebugSymbols NO-SOURCE
> Task :react-native-firebase_crashlytics:mergeReleaseConsumerProguardFiles UP-TO-DATE
> Task :react-native-firebase_firestore:copyReleaseJniLibsProjectAndLocalJars UP-TO-DATE
> Task :react-native-firebase_crashlytics:mergeReleaseJavaResource UP-TO-DATE
> Task :react-native-firebase_firestore:extractDeepLinksForAarRelease UP-TO-DATE
> Task :react-native-firebase_database:extractReleaseAnnotations UP-TO-DATE
> Task :react-native-firebase_messaging:stripReleaseDebugSymbols NO-SOURCE
> Task :react-native-firebase_crashlytics:syncReleaseLibJars UP-TO-DATE
> Task :react-native-firebase_database:mergeReleaseConsumerProguardFiles UP-TO-DATE
> Task :react-native-firebase_messaging:copyReleaseJniLibsProjectAndLocalJars UP-TO-DATE
> Task :react-native-firebase_crashlytics:bundleReleaseLocalLintAar UP-TO-DATE
> Task :react-native-firebase_messaging:extractDeepLinksForAarRelease UP-TO-DATE
> Task :react-native-firebase_database:mergeReleaseJavaResource UP-TO-DATE
> Task :react-native-firebase_firestore:extractReleaseAnnotations UP-TO-DATE
> Task :react-native-firebase_database:syncReleaseLibJars UP-TO-DATE
> Task :react-native-firebase_app:stripReleaseDebugSymbols NO-SOURCE
> Task :react-native-firebase_firestore:mergeReleaseConsumerProguardFiles UP-TO-DATE
> Task :react-native-firebase_database:bundleReleaseLocalLintAar UP-TO-DATE
> Task :react-native-firebase_app:copyReleaseJniLibsProjectAndLocalJars UP-TO-DATE
> Task :react-native-firebase_firestore:mergeReleaseJavaResource UP-TO-DATE
> Task :mixpanel-react-native:stripReleaseDebugSymbols NO-SOURCE
> Task :react-native-firebase_app:extractDeepLinksForAarRelease UP-TO-DATE
> Task :mixpanel-react-native:copyReleaseJniLibsProjectAndLocalJars UP-TO-DATE
> Task :mixpanel-react-native:extractDeepLinksForAarRelease UP-TO-DATE
> Task :react-native-firebase_messaging:extractReleaseAnnotations UP-TO-DATE
> Task :react-native-firebase_firestore:syncReleaseLibJars UP-TO-DATE
> Task :react-native-firebase_messaging:mergeReleaseConsumerProguardFiles UP-TO-DATE
> Task :react-native-firebase_app:extractReleaseAnnotations UP-TO-DATE
> Task :react-native-firebase_app:mergeReleaseConsumerProguardFiles UP-TO-DATE
> Task :react-native-firebase_firestore:bundleReleaseLocalLintAar UP-TO-DATE
> Task :react-native-firebase_messaging:mergeReleaseJavaResource UP-TO-DATE
> Task :mixpanel-react-native:extractReleaseAnnotations UP-TO-DATE
> Task :react-native-firebase_app:mergeReleaseJavaResource UP-TO-DATE
> Task :react-native-firebase_messaging:syncReleaseLibJars UP-TO-DATE
> Task :mixpanel-react-native:mergeReleaseConsumerProguardFiles UP-TO-DATE
> Task :react-native-firebase_app:syncReleaseLibJars UP-TO-DATE
> Task :react-native-device-info:stripReleaseDebugSymbols NO-SOURCE
> Task :react-native-firebase_messaging:bundleReleaseLocalLintAar UP-TO-DATE
> Task :react-native-device-info:copyReleaseJniLibsProjectAndLocalJars UP-TO-DATE
> Task :mixpanel-react-native:mergeReleaseJavaResource UP-TO-DATE
> Task :react-native-firebase_app:bundleReleaseLocalLintAar UP-TO-DATE
> Task :react-native-device-info:extractDeepLinksForAarRelease UP-TO-DATE
> Task :mixpanel-react-native:syncReleaseLibJars UP-TO-DATE
> Task :mixpanel-react-native:bundleReleaseLocalLintAar UP-TO-DATE
> Task :react-native-haptic-feedback:stripReleaseDebugSymbols NO-SOURCE
> Task :react-native-fs:stripReleaseDebugSymbols NO-SOURCE
> Task :react-native-device-info:extractReleaseAnnotations UP-TO-DATE
> Task :react-native-device-info:mergeReleaseConsumerProguardFiles UP-TO-DATE
> Task :react-native-fs:copyReleaseJniLibsProjectAndLocalJars UP-TO-DATE
> Task :react-native-haptic-feedback:copyReleaseJniLibsProjectAndLocalJars UP-TO-DATE
> Task :react-native-fs:extractDeepLinksForAarRelease UP-TO-DATE
> Task :react-native-device-info:mergeReleaseJavaResource UP-TO-DATE
> Task :react-native-image-picker:stripReleaseDebugSymbols NO-SOURCE
> Task :react-native-haptic-feedback:extractDeepLinksForAarRelease UP-TO-DATE
> Task :react-native-device-info:syncReleaseLibJars UP-TO-DATE
> Task :react-native-device-info:bundleReleaseLocalLintAar UP-TO-DATE
> Task :react-native-fs:extractReleaseAnnotations UP-TO-DATE
> Task :react-native-fs:mergeReleaseConsumerProguardFiles UP-TO-DATE
> Task :react-native-image-picker:copyReleaseJniLibsProjectAndLocalJars UP-TO-DATE
> Task :react-native-in-app-review:stripReleaseDebugSymbols NO-SOURCE
> Task :react-native-image-picker:extractDeepLinksForAarRelease UP-TO-DATE
> Task :react-native-fs:mergeReleaseJavaResource UP-TO-DATE
> Task :react-native-haptic-feedback:extractReleaseAnnotations UP-TO-DATE
> Task :react-native-in-app-review:copyReleaseJniLibsProjectAndLocalJars UP-TO-DATE
> Task :react-native-haptic-feedback:mergeReleaseConsumerProguardFiles UP-TO-DATE
> Task :react-native-in-app-review:extractDeepLinksForAarRelease UP-TO-DATE
> Task :react-native-fs:syncReleaseLibJars UP-TO-DATE
> Task :react-native-image-picker:extractReleaseAnnotations UP-TO-DATE
> Task :react-native-image-picker:mergeReleaseConsumerProguardFiles UP-TO-DATE
> Task :react-native-haptic-feedback:mergeReleaseJavaResource UP-TO-DATE
> Task :react-native-fs:bundleReleaseLocalLintAar UP-TO-DATE
> Task :react-native-image-picker:mergeReleaseJavaResource UP-TO-DATE
> Task :react-native-in-app-review:extractReleaseAnnotations UP-TO-DATE
> Task :react-native-purchases:stripReleaseDebugSymbols NO-SOURCE
> Task :react-native-in-app-review:mergeReleaseConsumerProguardFiles UP-TO-DATE
> Task :react-native-purchases:copyReleaseJniLibsProjectAndLocalJars UP-TO-DATE
> Task :react-native-purchases:extractDeepLinksForAarRelease UP-TO-DATE
> Task :react-native-haptic-feedback:syncReleaseLibJars UP-TO-DATE
> Task :react-native-image-picker:syncReleaseLibJars UP-TO-DATE
> Task :react-native-in-app-review:mergeReleaseJavaResource UP-TO-DATE
> Task :react-native-haptic-feedback:bundleReleaseLocalLintAar UP-TO-DATE
> Task :react-native-image-picker:bundleReleaseLocalLintAar UP-TO-DATE
> Task :react-native-purchases:extractReleaseAnnotations UP-TO-DATE
> Task :react-native-in-app-review:syncReleaseLibJars UP-TO-DATE
> Task :react-native-share:stripReleaseDebugSymbols NO-SOURCE
> Task :react-native-purchases:mergeReleaseConsumerProguardFiles UP-TO-DATE
> Task :react-native-svg:stripReleaseDebugSymbols NO-SOURCE
> Task :react-native-purchases:mergeReleaseJavaResource UP-TO-DATE
> Task :react-native-in-app-review:bundleReleaseLocalLintAar UP-TO-DATE
> Task :react-native-share:copyReleaseJniLibsProjectAndLocalJars UP-TO-DATE
> Task :react-native-svg:copyReleaseJniLibsProjectAndLocalJars UP-TO-DATE
> Task :react-native-purchases:syncReleaseLibJars UP-TO-DATE
> Task :react-native-system-navigation-bar:stripReleaseDebugSymbols NO-SOURCE
> Task :react-native-svg:extractDeepLinksForAarRelease UP-TO-DATE
> Task :react-native-share:extractDeepLinksForAarRelease UP-TO-DATE
> Task :react-native-system-navigation-bar:copyReleaseJniLibsProjectAndLocalJars UP-TO-DATE
> Task :react-native-purchases:bundleReleaseLocalLintAar UP-TO-DATE
> Task :react-native-svg:extractReleaseAnnotations UP-TO-DATE
> Task :react-native-vector-icons:stripReleaseDebugSymbols NO-SOURCE
> Task :react-native-system-navigation-bar:extractDeepLinksForAarRelease UP-TO-DATE
> Task :react-native-svg:mergeReleaseConsumerProguardFiles UP-TO-DATE
> Task :react-native-vector-icons:copyReleaseJniLibsProjectAndLocalJars UP-TO-DATE
> Task :react-native-share:extractReleaseAnnotations UP-TO-DATE
> Task :react-native-svg:mergeReleaseJavaResource UP-TO-DATE
> Task :react-native-share:mergeReleaseConsumerProguardFiles UP-TO-DATE
> Task :react-native-vector-icons:extractDeepLinksForAarRelease UP-TO-DATE
> Task :react-native-system-navigation-bar:extractReleaseAnnotations UP-TO-DATE
> Task :react-native-svg:syncReleaseLibJars UP-TO-DATE
> Task :react-native-share:mergeReleaseJavaResource UP-TO-DATE
> Task :react-native-system-navigation-bar:mergeReleaseConsumerProguardFiles UP-TO-DATE
> Task :react-native-vector-icons:extractReleaseAnnotations UP-TO-DATE
> Task :react-native-svg:bundleReleaseLocalLintAar UP-TO-DATE
> Task :react-native-vector-icons:mergeReleaseConsumerProguardFiles UP-TO-DATE
> Task :react-native-system-navigation-bar:mergeReleaseJavaResource UP-TO-DATE
> Task :react-native-share:syncReleaseLibJars UP-TO-DATE
> Task :react-native-system-navigation-bar:syncReleaseLibJars UP-TO-DATE
> Task :react-native-share:bundleReleaseLocalLintAar UP-TO-DATE
> Task :react-native-view-shot:stripReleaseDebugSymbols NO-SOURCE
> Task :react-native-vector-icons:mergeReleaseJavaResource UP-TO-DATE
> Task :react-native-view-shot:copyReleaseJniLibsProjectAndLocalJars UP-TO-DATE
> Task :react-native-system-navigation-bar:bundleReleaseLocalLintAar UP-TO-DATE
> Task :react-native-nitro-modules:buildCMakeRelWithDebInfo[armeabi-v7a]
> Task :react-native-view-shot:extractDeepLinksForAarRelease UP-TO-DATE
> Task :react-native-vector-icons:syncReleaseLibJars UP-TO-DATE
> Task :sp-react-native-in-app-updates:stripReleaseDebugSymbols NO-SOURCE
> Task :react-native-vector-icons:bundleReleaseLocalLintAar UP-TO-DATE
> Task :sp-react-native-in-app-updates:copyReleaseJniLibsProjectAndLocalJars UP-TO-DATE
> Task :sp-react-native-in-app-updates:extractDeepLinksForAarRelease UP-TO-DATE
> Task :react-native-view-shot:extractReleaseAnnotations UP-TO-DATE
> Task :react-native-view-shot:mergeReleaseConsumerProguardFiles UP-TO-DATE
> Task :sp-react-native-in-app-updates:extractReleaseAnnotations UP-TO-DATE
> Task :react-native-screens:buildCMakeRelWithDebInfo[armeabi-v7a]
> Task :sp-react-native-in-app-updates:mergeReleaseConsumerProguardFiles UP-TO-DATE
> Task :invertase_react-native-apple-authentication:lintVitalAnalyzeRelease UP-TO-DATE
> Task :react-native-screens:mergeReleaseJniLibFolders UP-TO-DATE
> Task :react-native-view-shot:mergeReleaseJavaResource UP-TO-DATE
> Task :invertase_react-native-apple-authentication:writeReleaseLintModelMetadata UP-TO-DATE
> Task :sp-react-native-in-app-updates:mergeReleaseJavaResource UP-TO-DATE
> Task :mixpanel-react-native:lintVitalAnalyzeRelease UP-TO-DATE
> Task :react-native-view-shot:syncReleaseLibJars UP-TO-DATE
> Task :mixpanel-react-native:writeReleaseLintModelMetadata UP-TO-DATE
> Task :sp-react-native-in-app-updates:syncReleaseLibJars UP-TO-DATE
> Task :react-native-screens:mergeReleaseNativeLibs UP-TO-DATE
> Task :react-native-view-shot:bundleReleaseLocalLintAar UP-TO-DATE
> Task :react-native-screens:copyReleaseJniLibsProjectOnly UP-TO-DATE
> Task :sp-react-native-in-app-updates:bundleReleaseLocalLintAar UP-TO-DATE
> Task :notifee_react-native:lintVitalAnalyzeRelease UP-TO-DATE
> Task :react-native-screens:createFullJarRelease UP-TO-DATE
> Task :react-native-bootsplash:lintVitalAnalyzeRelease UP-TO-DATE
> Task :notifee_react-native:writeReleaseLintModelMetadata UP-TO-DATE
> Task :react-native-camera-roll_camera-roll:lintVitalAnalyzeRelease UP-TO-DATE
> Task :react-native-camera-roll_camera-roll:writeReleaseLintModelMetadata UP-TO-DATE
> Task :react-native-bootsplash:writeReleaseLintModelMetadata UP-TO-DATE
> Task :react-native-screens:extractProguardFiles UP-TO-DATE
> Task :react-native-clipboard_clipboard:lintVitalAnalyzeRelease UP-TO-DATE
> Task :react-native-community_blur:lintVitalAnalyzeRelease UP-TO-DATE
> Task :react-native-device-info:lintVitalAnalyzeRelease UP-TO-DATE
> Task :react-native-compressor:lintVitalAnalyzeRelease UP-TO-DATE
> Task :react-native-community_blur:writeReleaseLintModelMetadata UP-TO-DATE
> Task :react-native-device-info:writeReleaseLintModelMetadata UP-TO-DATE
> Task :react-native-clipboard_clipboard:writeReleaseLintModelMetadata UP-TO-DATE
> Task :react-native-compressor:writeReleaseLintModelMetadata UP-TO-DATE
> Task :react-native-firebase_database:writeReleaseLintModelMetadata UP-TO-DATE
> Task :react-native-firebase_auth:writeReleaseLintModelMetadata UP-TO-DATE
> Task :react-native-firebase_crashlytics:writeReleaseLintModelMetadata UP-TO-DATE
> Task :react-native-firebase_firestore:writeReleaseLintModelMetadata UP-TO-DATE
> Task :react-native-firebase_messaging:writeReleaseLintModelMetadata UP-TO-DATE
> Task :react-native-reanimated:writeReleaseLintModelMetadata UP-TO-DATE
> Task :react-native-firebase_app:lintVitalAnalyzeRelease UP-TO-DATE
> Task :react-native-firebase_app:writeReleaseLintModelMetadata UP-TO-DATE
> Task :react-native-svg:writeReleaseLintModelMetadata UP-TO-DATE
> Task :react-native-gesture-handler:writeReleaseLintModelMetadata UP-TO-DATE
> Task :react-native-worklets:buildCMakeRelWithDebInfo[armeabi-v7a][worklets]
> Task :react-native-fs:lintVitalAnalyzeRelease UP-TO-DATE
> Task :react-native-firebase_auth:lintVitalAnalyzeRelease UP-TO-DATE
> Task :react-native-firebase_crashlytics:lintVitalAnalyzeRelease UP-TO-DATE
> Task :react-native-fs:writeReleaseLintModelMetadata UP-TO-DATE
> Task :react-native-screens:generateReleaseLintModel UP-TO-DATE
> Task :react-native-firebase_database:lintVitalAnalyzeRelease UP-TO-DATE
> Task :react-native-screens:prepareLintJarForPublish UP-TO-DATE
> Task :react-native-firebase_messaging:lintVitalAnalyzeRelease UP-TO-DATE
> Task :react-native-firebase_firestore:lintVitalAnalyzeRelease UP-TO-DATE
> Task :react-native-screens:stripReleaseDebugSymbols UP-TO-DATE
> Task :react-native-google-signin_google-signin:lintVitalAnalyzeRelease UP-TO-DATE
> Task :react-native-google-mobile-ads:lintVitalAnalyzeRelease UP-TO-DATE
> Task :react-native-haptic-feedback:lintVitalAnalyzeRelease UP-TO-DATE
> Task :react-native-screens:copyReleaseJniLibsProjectAndLocalJars UP-TO-DATE
> Task :react-native-screens:extractDeepLinksForAarRelease UP-TO-DATE
> Task :react-native-google-signin_google-signin:writeReleaseLintModelMetadata UP-TO-DATE
> Task :react-native-google-mobile-ads:writeReleaseLintModelMetadata UP-TO-DATE
> Task :react-native-image-picker:lintVitalAnalyzeRelease UP-TO-DATE
> Task :react-native-haptic-feedback:writeReleaseLintModelMetadata UP-TO-DATE
> Task :react-native-mmkv:writeReleaseLintModelMetadata UP-TO-DATE
> Task :react-native-image-picker:writeReleaseLintModelMetadata UP-TO-DATE
> Task :react-native-in-app-review:lintVitalAnalyzeRelease UP-TO-DATE
> Task :react-native-screens:extractReleaseAnnotations UP-TO-DATE
> Task :react-native-localize:lintVitalAnalyzeRelease UP-TO-DATE
> Task :react-native-screens:mergeReleaseConsumerProguardFiles UP-TO-DATE
> Task :react-native-in-app-review:writeReleaseLintModelMetadata UP-TO-DATE
> Task :react-native-localize:writeReleaseLintModelMetadata UP-TO-DATE
> Task :react-native-screens:mergeReleaseJavaResource UP-TO-DATE
> Task :react-native-purchases:lintVitalAnalyzeRelease UP-TO-DATE
> Task :react-native-purchases-ui:lintVitalAnalyzeRelease UP-TO-DATE
> Task :react-native-safe-area-context:lintVitalAnalyzeRelease UP-TO-DATE
> Task :react-native-purchases-ui:writeReleaseLintModelMetadata UP-TO-DATE
> Task :react-native-safe-area-context:writeReleaseLintModelMetadata UP-TO-DATE
> Task :react-native-purchases:writeReleaseLintModelMetadata UP-TO-DATE
> Task :react-native-screens:syncReleaseLibJars UP-TO-DATE
> Task :react-native-share:lintVitalAnalyzeRelease UP-TO-DATE
> Task :react-native-screens:bundleReleaseLocalLintAar UP-TO-DATE
> Task :react-native-sound:lintVitalAnalyzeRelease UP-TO-DATE
> Task :react-native-system-navigation-bar:lintVitalAnalyzeRelease UP-TO-DATE
> Task :react-native-share:writeReleaseLintModelMetadata UP-TO-DATE
> Task :react-native-sound:writeReleaseLintModelMetadata UP-TO-DATE
> Task :react-native-system-navigation-bar:writeReleaseLintModelMetadata UP-TO-DATE
> Task :react-native-svg:lintVitalAnalyzeRelease UP-TO-DATE
> Task :react-native-screens:lintVitalAnalyzeRelease UP-TO-DATE
> Task :react-native-screens:writeReleaseLintModelMetadata UP-TO-DATE
> Task :react-native-view-shot:lintVitalAnalyzeRelease UP-TO-DATE
> Task :react-native-vector-icons:lintVitalAnalyzeRelease UP-TO-DATE
> Task :sp-react-native-in-app-updates:lintVitalAnalyzeRelease UP-TO-DATE
> Task :react-native-vector-icons:writeReleaseLintModelMetadata UP-TO-DATE
> Task :mixpanel-react-native:generateReleaseLintVitalModel UP-TO-DATE
> Task :sp-react-native-in-app-updates:writeReleaseLintModelMetadata UP-TO-DATE
> Task :react-native-view-shot:writeReleaseLintModelMetadata UP-TO-DATE
> Task :invertase_react-native-apple-authentication:generateReleaseLintVitalModel UP-TO-DATE
> Task :notifee_react-native:generateReleaseLintVitalModel UP-TO-DATE
> Task :react-native-camera-roll_camera-roll:generateReleaseLintVitalModel UP-TO-DATE
> Task :react-native-bootsplash:generateReleaseLintVitalModel UP-TO-DATE
> Task :react-native-community_blur:generateReleaseLintVitalModel UP-TO-DATE
> Task :react-native-clipboard_clipboard:generateReleaseLintVitalModel UP-TO-DATE
> Task :react-native-compressor:generateReleaseLintVitalModel UP-TO-DATE
> Task :react-native-device-info:generateReleaseLintVitalModel UP-TO-DATE
> Task :react-native-firebase_app:generateReleaseLintVitalModel UP-TO-DATE
> Task :react-native-firebase_crashlytics:generateReleaseLintVitalModel UP-TO-DATE
> Task :react-native-firebase_auth:generateReleaseLintVitalModel UP-TO-DATE
> Task :react-native-firebase_database:generateReleaseLintVitalModel UP-TO-DATE
> Task :react-native-firebase_firestore:generateReleaseLintVitalModel UP-TO-DATE
> Task :react-native-firebase_messaging:generateReleaseLintVitalModel UP-TO-DATE
> Task :react-native-fs:generateReleaseLintVitalModel UP-TO-DATE
> Task :react-native-google-mobile-ads:generateReleaseLintVitalModel UP-TO-DATE
> Task :react-native-google-signin_google-signin:generateReleaseLintVitalModel UP-TO-DATE
> Task :react-native-image-picker:generateReleaseLintVitalModel UP-TO-DATE
> Task :react-native-haptic-feedback:generateReleaseLintVitalModel UP-TO-DATE
> Task :react-native-in-app-review:generateReleaseLintVitalModel UP-TO-DATE
> Task :react-native-localize:generateReleaseLintVitalModel UP-TO-DATE
> Task :react-native-purchases-ui:generateReleaseLintVitalModel UP-TO-DATE
> Task :react-native-purchases:generateReleaseLintVitalModel UP-TO-DATE
> Task :react-native-safe-area-context:generateReleaseLintVitalModel UP-TO-DATE
> Task :react-native-screens:generateReleaseLintVitalModel UP-TO-DATE
> Task :react-native-share:generateReleaseLintVitalModel UP-TO-DATE
> Task :react-native-sound:generateReleaseLintVitalModel UP-TO-DATE
> Task :react-native-svg:generateReleaseLintVitalModel UP-TO-DATE
> Task :react-native-system-navigation-bar:generateReleaseLintVitalModel UP-TO-DATE
> Task :react-native-vector-icons:generateReleaseLintVitalModel UP-TO-DATE
> Task :react-native-view-shot:generateReleaseLintVitalModel UP-TO-DATE
> Task :sp-react-native-in-app-updates:generateReleaseLintVitalModel UP-TO-DATE
> Task :react-native-nitro-modules:externalNativeBuildRelease
> Task :react-native-nitro-modules:generateJsonModelRelease
> Task :react-native-nitro-modules:prefabReleaseConfigurePackage
> Task :react-native-nitro-modules:prefabReleasePackage UP-TO-DATE
> Task :react-native-nitro-modules:mergeReleaseJniLibFolders UP-TO-DATE
> Task :react-native-nitro-modules:mergeReleaseNativeLibs UP-TO-DATE
> Task :react-native-nitro-modules:copyReleaseJniLibsProjectOnly UP-TO-DATE
> Task :react-native-nitro-modules:createFullJarRelease UP-TO-DATE
> Task :react-native-nitro-modules:extractProguardFiles UP-TO-DATE
> Task :react-native-nitro-modules:generateReleaseLintModel UP-TO-DATE
> Task :react-native-mmkv:configureCMakeRelWithDebInfo[arm64-v8a]
> Task :react-native-nitro-modules:prepareLintJarForPublish UP-TO-DATE
> Task :react-native-nitro-modules:stripReleaseDebugSymbols UP-TO-DATE
> Task :react-native-nitro-modules:copyReleaseJniLibsProjectAndLocalJars UP-TO-DATE
> Task :react-native-nitro-modules:extractDeepLinksForAarRelease UP-TO-DATE
> Task :react-native-nitro-modules:extractReleaseAnnotations UP-TO-DATE
> Task :react-native-nitro-modules:mergeReleaseConsumerProguardFiles UP-TO-DATE
> Task :react-native-nitro-modules:mergeReleaseJavaResource UP-TO-DATE
> Task :react-native-nitro-modules:syncReleaseLibJars UP-TO-DATE
> Task :react-native-mmkv:configureCMakeRelWithDebInfo[armeabi-v7a]
> Task :react-native-nitro-modules:bundleReleaseLocalLintAar UP-TO-DATE
> Task :react-native-nitro-modules:writeReleaseLintModelMetadata UP-TO-DATE
> Task :react-native-nitro-modules:lintVitalAnalyzeRelease UP-TO-DATE
> Task :react-native-mmkv:generateReleaseLintModel UP-TO-DATE
> Task :react-native-nitro-modules:generateReleaseLintVitalModel UP-TO-DATE
> Task :react-native-worklets:externalNativeBuildRelease
> Task :react-native-worklets:generateJsonModelRelease
> Task :react-native-worklets:prefabReleaseConfigurePackage
> Task :react-native-worklets:prefabReleasePackage UP-TO-DATE
> Task :react-native-worklets:mergeReleaseJniLibFolders UP-TO-DATE
> Task :react-native-worklets:mergeReleaseNativeLibs UP-TO-DATE
> Task :react-native-worklets:copyReleaseJniLibsProjectOnly UP-TO-DATE
> Task :react-native-worklets:createFullJarRelease UP-TO-DATE
> Task :react-native-worklets:extractProguardFiles UP-TO-DATE
> Task :react-native-reanimated:configureCMakeRelWithDebInfo[arm64-v8a]
> Task :react-native-reanimated:configureCMakeRelWithDebInfo[armeabi-v7a]
> Task :react-native-reanimated:generateJsonModelRelease
> Task :react-native-reanimated:prefabReleaseConfigurePackage UP-TO-DATE
> Task :react-native-worklets:generateReleaseLintModel UP-TO-DATE
> Task :react-native-worklets:prepareLintJarForPublish UP-TO-DATE
> Task :react-native-worklets:stripReleaseDebugSymbols UP-TO-DATE
> Task :react-native-worklets:copyReleaseJniLibsProjectAndLocalJars UP-TO-DATE
> Task :react-native-worklets:extractDeepLinksForAarRelease UP-TO-DATE
> Task :react-native-worklets:extractReleaseAnnotations UP-TO-DATE
> Task :react-native-worklets:mergeReleaseConsumerProguardFiles UP-TO-DATE
> Task :react-native-worklets:mergeReleaseJavaResource UP-TO-DATE
> Task :react-native-worklets:syncReleaseLibJars UP-TO-DATE
> Task :react-native-worklets:bundleReleaseLocalLintAar UP-TO-DATE
> Task :react-native-worklets:writeReleaseLintModelMetadata UP-TO-DATE
> Task :react-native-mmkv:buildCMakeRelWithDebInfo[arm64-v8a]
> Task :react-native-worklets:lintVitalAnalyzeRelease UP-TO-DATE
> Task :react-native-worklets:generateReleaseLintVitalModel UP-TO-DATE
> Task :react-native-reanimated:buildCMakeRelWithDebInfo[arm64-v8a][reanimated]
> Task :react-native-mmkv:buildCMakeRelWithDebInfo[armeabi-v7a]
> Task :react-native-mmkv:mergeReleaseNativeLibs UP-TO-DATE
> Task :react-native-mmkv:copyReleaseJniLibsProjectOnly UP-TO-DATE
> Task :react-native-mmkv:stripReleaseDebugSymbols UP-TO-DATE
> Task :react-native-mmkv:copyReleaseJniLibsProjectAndLocalJars UP-TO-DATE
> Task :react-native-mmkv:bundleReleaseLocalLintAar UP-TO-DATE
> Task :react-native-mmkv:lintVitalAnalyzeRelease UP-TO-DATE
> Task :react-native-mmkv:generateReleaseLintVitalModel UP-TO-DATE
> Task :react-native-reanimated:buildCMakeRelWithDebInfo[armeabi-v7a][reanimated]
> Task :react-native-reanimated:externalNativeBuildRelease
> Task :react-native-reanimated:prefabReleasePackage UP-TO-DATE
> Task :react-native-reanimated:mergeReleaseNativeLibs UP-TO-DATE
> Task :react-native-reanimated:copyReleaseJniLibsProjectOnly UP-TO-DATE
> Task :react-native-reanimated:generateReleaseLintModel UP-TO-DATE
> Task :react-native-reanimated:stripReleaseDebugSymbols UP-TO-DATE
> Task :react-native-reanimated:copyReleaseJniLibsProjectAndLocalJars UP-TO-DATE
> Task :react-native-reanimated:bundleReleaseLocalLintAar UP-TO-DATE
> Task :react-native-reanimated:lintVitalAnalyzeRelease UP-TO-DATE
> Task :react-native-gesture-handler:configureCMakeRelWithDebInfo[arm64-v8a]
> Task :react-native-reanimated:generateReleaseLintVitalModel UP-TO-DATE
> Task :react-native-gesture-handler:configureCMakeRelWithDebInfo[armeabi-v7a]
> Task :react-native-gesture-handler:buildCMakeRelWithDebInfo[arm64-v8a]
> Task :react-native-gesture-handler:buildCMakeRelWithDebInfo[armeabi-v7a]
> Task :react-native-gesture-handler:mergeReleaseNativeLibs UP-TO-DATE
> Task :react-native-gesture-handler:copyReleaseJniLibsProjectOnly UP-TO-DATE
> Task :react-native-gesture-handler:generateReleaseLintModel UP-TO-DATE
> Task :react-native-gesture-handler:stripReleaseDebugSymbols UP-TO-DATE
> Task :react-native-gesture-handler:copyReleaseJniLibsProjectAndLocalJars UP-TO-DATE
> Task :react-native-gesture-handler:bundleReleaseLocalLintAar UP-TO-DATE
> Task :react-native-gesture-handler:generateReleaseLintVitalModel UP-TO-DATE
> Task :react-native-gesture-handler:lintVitalAnalyzeRelease UP-TO-DATE

> Task :app:createBundleReleaseJsAndAssets
LOG:Writing bundle output to: /Volumes/Sohail/AI_Projects/mm2values/android/app/build/generated/assets/react/release/index.android.bundle
LOG:Writing sourcemap output to: /Volumes/Sohail/AI_Projects/mm2values/android/app/build/intermediates/sourcemaps/react/release/index.android.bundle.packager.map
LOG:Done writing bundle output
LOG:Done writing sourcemap output
Copying 27 asset files
Done copying assets

> Task :app:generateAutolinkingNewArchitectureFiles UP-TO-DATE
> Task :app:generateAutolinkingPackageList UP-TO-DATE
> Task :app:generateCodegenSchemaFromJavaScript SKIPPED
> Task :app:generateCodegenArtifactsFromSchema SKIPPED
> Task :app:generateReactNativeEntryPoint UP-TO-DATE
> Task :app:preBuild UP-TO-DATE
> Task :app:preReleaseBuild UP-TO-DATE
> Task :app:generateReleaseResValues FROM-CACHE
> Task :app:injectCrashlyticsMappingFileIdRelease
> Task :app:processReleaseGoogleServices UP-TO-DATE
> Task :app:mapReleaseSourceSetPaths UP-TO-DATE
> Task :app:generateReleaseResources UP-TO-DATE
> Task :app:createReleaseCompatibleScreenManifests
> Task :app:extractDeepLinksRelease UP-TO-DATE

> Task :app:processReleaseMainManifest
[io.github.zhongwuzw:mmkv:2.4.0] /Users/apple/.gradle/caches/9.0.0/transforms/e35c61a03954941f6b97d719f47b7c62/transformed/mmkv-2.4.0/AndroidManifest.xml Warning:
	Namespace 'com.tencent.mmkv' is used in multiple modules and/or libraries: io.github.zhongwuzw:mmkv:2.4.0, io.github.zhongwuzw:annotation:2.4.0. Please ensure that all modules and libraries have a unique namespace. For more information, See https://developer.android.com/studio/build/configure-app-module#set-namespace

> Task :app:processReleaseManifest
> Task :app:processApplicationManifestReleaseForBundle
> Task :app:checkReleaseAarMetadata UP-TO-DATE
> Task :app:mergeReleaseResources
> Task :app:packageReleaseResources
> Task :app:extractReleaseVersionControlInfo UP-TO-DATE
> Task :app:mergeReleaseShaders UP-TO-DATE
> Task :app:compileReleaseShaders NO-SOURCE
> Task :app:copyReactNativeVectorIconFonts UP-TO-DATE
> Task :app:generateReleaseAssets UP-TO-DATE
> Task :app:parseReleaseLocalResources
> Task :app:mergeReleaseAssets
> Task :app:buildKotlinToolingMetadata UP-TO-DATE
> Task :app:checkReleaseDuplicateClasses UP-TO-DATE
> Task :app:checkKotlinGradlePluginConfigurationErrors SKIPPED
> Task :app:generateReleaseBuildConfig
> Task :app:javaPreCompileRelease UP-TO-DATE
> Task :app:mergeReleaseArtProfile UP-TO-DATE
> Task :app:extractProguardFiles UP-TO-DATE
> Task :app:mergeReleaseStartupProfile UP-TO-DATE
> Task :app:configureCMakeRelWithDebInfo[arm64-v8a]
> Task :app:buildCMakeRelWithDebInfo[arm64-v8a]
> Task :app:configureCMakeRelWithDebInfo[armeabi-v7a]
> Task :app:buildCMakeRelWithDebInfo[armeabi-v7a]
> Task :app:mergeReleaseJniLibFolders UP-TO-DATE
> Task :app:mergeReleaseNativeLibs UP-TO-DATE
> Task :app:stripReleaseDebugSymbols UP-TO-DATE
> Task :app:writeReleaseAppMetadata UP-TO-DATE
> Task :app:collectReleaseDependencies UP-TO-DATE
> Task :app:configureReleaseDependencies UP-TO-DATE
> Task :app:extractReleaseNativeSymbolTables UP-TO-DATE
> Task :app:parseReleaseIntegrityConfig UP-TO-DATE
> Task :app:validateSigningRelease UP-TO-DATE
> Task :app:processReleaseManifestForPackage
> Task :app:processReleaseResources
> Task :app:bundleReleaseResources

> Task :app:compileReleaseKotlin
w: file:///Volumes/Sohail/AI_Projects/mm2values/android/app/src/main/java/com/bloxfruitevalues/MainApplication.kt:7:8 'class ReactNativeHost : Any' is deprecated. Deprecated in Java.
w: file:///Volumes/Sohail/AI_Projects/mm2values/android/app/src/main/java/com/bloxfruitevalues/MainApplication.kt:17:16 This declaration overrides a deprecated member but is not marked as deprecated itself. Add the '@Deprecated' annotation or suppress the diagnostic.
w: file:///Volumes/Sohail/AI_Projects/mm2values/android/app/src/main/java/com/bloxfruitevalues/MainApplication.kt:17:33 'class ReactNativeHost : Any' is deprecated. Deprecated in Java.

> Task :app:compileReleaseJavaWithJavac
> Task :app:mergeReleaseGeneratedProguardFiles UP-TO-DATE
> Task :app:processReleaseJavaRes UP-TO-DATE
> Task :app:mergeReleaseJavaResource UP-TO-DATE
> Task :app:generateReleaseLintVitalReportModel
> Task :app:expandReleaseArtProfileWildcards
> Task :app:lintVitalAnalyzeRelease
> Task :app:lintVitalReportRelease
> Task :app:lintVitalRelease

> Task :app:minifyReleaseWithR8
WARNING: /Users/apple/.gradle/caches/modules-2/files-2.1/com.amazon.device/amazon-appstore-sdk/3.0.5/cb046867a6d127f404780c49287e63177e960304/amazon-appstore-sdk-3.0.5.jar: R8: Expected stack map table for method with non-linear control flow. In later version of R8, the method may be assumed not reachable.
WARNING: /Users/apple/.gradle/caches/modules-2/files-2.1/com.amazon.device/amazon-appstore-sdk/3.0.5/cb046867a6d127f404780c49287e63177e960304/amazon-appstore-sdk-3.0.5.jar: R8: Expected stack map table for method with non-linear control flow. In later version of R8, the method may be assumed not reachable.

WARNING: /Users/apple/.gradle/caches/modules-2/files-2.1/com.amazon.device/amazon-appstore-sdk/3.0.5/cb046867a6d127f404780c49287e63177e960304/amazon-appstore-sdk-3.0.5.jar: R8: Expected stack map table for method with non-linear control flow. In later version of R8, the method may be assumed not reachable.
WARNING: /Users/apple/.gradle/caches/modules-2/files-2.1/com.amazon.device/amazon-appstore-sdk/3.0.5/cb046867a6d127f404780c49287e63177e960304/amazon-appstore-sdk-3.0.5.jar: R8: Expected stack map table for method with non-linear control flow. In later version of R8, the method may be assumed not reachable.
WARNING: /Users/apple/.gradle/caches/modules-2/files-2.1/com.amazon.device/amazon-appstore-sdk/3.0.5/cb046867a6d127f404780c49287e63177e960304/amazon-appstore-sdk-3.0.5.jar: R8: Expected stack map table for method with non-linear control flow. In later version of R8, the method may be assumed not reachable.
WARNING: /Users/apple/.gradle/caches/modules-2/files-2.1/com.amazon.device/amazon-appstore-sdk/3.0.5/cb046867a6d127f404780c49287e63177e960304/amazon-appstore-sdk-3.0.5.jar: R8: Expected stack map table for method with non-linear control flow. In later version of R8, the method may be assumed not reachable.
WARNING: /Users/apple/.gradle/caches/modules-2/files-2.1/com.amazon.device/amazon-appstore-sdk/3.0.5/cb046867a6d127f404780c49287e63177e960304/amazon-appstore-sdk-3.0.5.jar: R8: Expected stack map table for method with non-linear control flow. In later version of R8, the method may be assumed not reachable.
WARNING: /Users/apple/.gradle/caches/modules-2/files-2.1/com.amazon.device/amazon-appstore-sdk/3.0.5/cb046867a6d127f404780c49287e63177e960304/amazon-appstore-sdk-3.0.5.jar: R8: Expected stack map table for method with non-linear control flow. In later version of R8, the method may be assumed not reachable.
WARNING: /Users/apple/.gradle/caches/modules-2/files-2.1/com.amazon.device/amazon-appstore-sdk/3.0.5/cb046867a6d127f404780c49287e63177e960304/amazon-appstore-sdk-3.0.5.jar: R8: Expected stack map table for method with non-linear control flow. In later version of R8, the method may be assumed not reachable.
WARNING: /Users/apple/.gradle/caches/modules-2/files-2.1/com.amazon.device/amazon-appstore-sdk/3.0.5/cb046867a6d127f404780c49287e63177e960304/amazon-appstore-sdk-3.0.5.jar: R8: Expected stack map table for method with non-linear control flow. In later version of R8, the method may be assumed not reachable.
WARNING: /Users/apple/.gradle/caches/modules-2/files-2.1/com.amazon.device/amazon-appstore-sdk/3.0.5/cb046867a6d127f404780c49287e63177e960304/amazon-appstore-sdk-3.0.5.jar: R8: Expected stack map table for method with non-linear control flow. In later version of R8, the method may be assumed not reachable.
WARNING: /Users/apple/.gradle/caches/modules-2/files-2.1/com.amazon.device/amazon-appstore-sdk/3.0.5/cb046867a6d127f404780c49287e63177e960304/amazon-appstore-sdk-3.0.5.jar: R8: Expected stack map table for method with non-linear control flow. In later version of R8, the method may be assumed not reachable.
WARNING: /Users/apple/.gradle/caches/modules-2/files-2.1/com.amazon.device/amazon-appstore-sdk/3.0.5/cb046867a6d127f404780c49287e63177e960304/amazon-appstore-sdk-3.0.5.jar: R8: Expected stack map table for method with non-linear control flow. In later version of R8, the method may be assumed not reachable.
WARNING: /Users/apple/.gradle/caches/modules-2/files-2.1/com.amazon.device/amazon-appstore-sdk/3.0.5/cb046867a6d127f404780c49287e63177e960304/amazon-appstore-sdk-3.0.5.jar: R8: Expected stack map table for method with non-linear control flow. In later version of R8, the method may be assumed not reachable.
WARNING: /Users/apple/.gradle/caches/modules-2/files-2.1/com.amazon.device/amazon-appstore-sdk/3.0.5/cb046867a6d127f404780c49287e63177e960304/amazon-appstore-sdk-3.0.5.jar: R8: Expected stack map table for method with non-linear control flow. In later version of R8, the method may be assumed not reachable.
WARNING: /Users/apple/.gradle/caches/modules-2/files-2.1/com.amazon.device/amazon-appstore-sdk/3.0.5/cb046867a6d127f404780c49287e63177e960304/amazon-appstore-sdk-3.0.5.jar: R8: Expected stack map table for method with non-linear control flow. In later version of R8, the method may be assumed not reachable.
WARNING: /Users/apple/.gradle/caches/modules-2/files-2.1/com.amazon.device/amazon-appstore-sdk/3.0.5/cb046867a6d127f404780c49287e63177e960304/amazon-appstore-sdk-3.0.5.jar: R8: Expected stack map table for method with non-linear control flow. In later version of R8, the method may be assumed not reachable.
WARNING: /Users/apple/.gradle/caches/modules-2/files-2.1/com.amazon.device/amazon-appstore-sdk/3.0.5/cb046867a6d127f404780c49287e63177e960304/amazon-appstore-sdk-3.0.5.jar: R8: Expected stack map table for method with non-linear control flow. In later version of R8, the method may be assumed not reachable.
WARNING: /Users/apple/.gradle/caches/modules-2/files-2.1/com.amazon.device/amazon-appstore-sdk/3.0.5/cb046867a6d127f404780c49287e63177e960304/amazon-appstore-sdk-3.0.5.jar: R8: Expected stack map table for method with non-linear control flow. In later version of R8, the method may be assumed not reachable.
WARNING: /Users/apple/.gradle/caches/modules-2/files-2.1/com.amazon.device/amazon-appstore-sdk/3.0.5/cb046867a6d127f404780c49287e63177e960304/amazon-appstore-sdk-3.0.5.jar: R8: Expected stack map table for method with non-linear control flow. In later version of R8, the method may be assumed not reachable.
WARNING: /Users/apple/.gradle/caches/modules-2/files-2.1/com.amazon.device/amazon-appstore-sdk/3.0.5/cb046867a6d127f404780c49287e63177e960304/amazon-appstore-sdk-3.0.5.jar: R8: Expected stack map table for method with non-linear control flow. In later version of R8, the method may be assumed not reachable.
WARNING: /Users/apple/.gradle/caches/modules-2/files-2.1/com.amazon.device/amazon-appstore-sdk/3.0.5/cb046867a6d127f404780c49287e63177e960304/amazon-appstore-sdk-3.0.5.jar: R8: Expected stack map table for method with non-linear control flow. In later version of R8, the method may be assumed not reachable.
WARNING: /Users/apple/.gradle/caches/modules-2/files-2.1/com.amazon.device/amazon-appstore-sdk/3.0.5/cb046867a6d127f404780c49287e63177e960304/amazon-appstore-sdk-3.0.5.jar: R8: Expected stack map table for method with non-linear control flow. In later version of R8, the method may be assumed not reachable.
WARNING: /Users/apple/.gradle/caches/modules-2/files-2.1/com.amazon.device/amazon-appstore-sdk/3.0.5/cb046867a6d127f404780c49287e63177e960304/amazon-appstore-sdk-3.0.5.jar: R8: Expected stack map table for method with non-linear control flow. In later version of R8, the method may be assumed not reachable.
WARNING: /Users/apple/.gradle/caches/modules-2/files-2.1/com.amazon.device/amazon-appstore-sdk/3.0.5/cb046867a6d127f404780c49287e63177e960304/amazon-appstore-sdk-3.0.5.jar: R8: Expected stack map table for method with non-linear control flow. In later version of R8, the method may be assumed not reachable.
WARNING: /Users/apple/.gradle/caches/modules-2/files-2.1/com.amazon.device/amazon-appstore-sdk/3.0.5/cb046867a6d127f404780c49287e63177e960304/amazon-appstore-sdk-3.0.5.jar: R8: Expected stack map table for method with non-linear control flow. In later version of R8, the method may be assumed not reachable.
WARNING: /Users/apple/.gradle/caches/modules-2/files-2.1/com.amazon.device/amazon-appstore-sdk/3.0.5/cb046867a6d127f404780c49287e63177e960304/amazon-appstore-sdk-3.0.5.jar: R8: Expected stack map table for method with non-linear control flow. In later version of R8, the method may be assumed not reachable.
WARNING: /Users/apple/.gradle/caches/modules-2/files-2.1/com.amazon.device/amazon-appstore-sdk/3.0.5/cb046867a6d127f404780c49287e63177e960304/amazon-appstore-sdk-3.0.5.jar: R8: Expected stack map table for method with non-linear control flow. In later version of R8, the method may be assumed not reachable.
WARNING: /Users/apple/.gradle/caches/modules-2/files-2.1/com.amazon.device/amazon-appstore-sdk/3.0.5/cb046867a6d127f404780c49287e63177e960304/amazon-appstore-sdk-3.0.5.jar: R8: Expected stack map table for method with non-linear control flow. In later version of R8, the method may be assumed not reachable.
WARNING: /Users/apple/.gradle/caches/modules-2/files-2.1/com.amazon.device/amazon-appstore-sdk/3.0.5/cb046867a6d127f404780c49287e63177e960304/amazon-appstore-sdk-3.0.5.jar: R8: Expected stack map table for method with non-linear control flow. In later version of R8, the method may be assumed not reachable.
WARNING: /Users/apple/.gradle/caches/modules-2/files-2.1/com.amazon.device/amazon-appstore-sdk/3.0.5/cb046867a6d127f404780c49287e63177e960304/amazon-appstore-sdk-3.0.5.jar: R8: Expected stack map table for method with non-linear control flow. In later version of R8, the method may be assumed not reachable.
WARNING: /Users/apple/.gradle/caches/modules-2/files-2.1/com.amazon.device/amazon-appstore-sdk/3.0.5/cb046867a6d127f404780c49287e63177e960304/amazon-appstore-sdk-3.0.5.jar: R8: Expected stack map table for method with non-linear control flow. In later version of R8, the method may be assumed not reachable.
WARNING: /Users/apple/.gradle/caches/modules-2/files-2.1/com.amazon.device/amazon-appstore-sdk/3.0.5/cb046867a6d127f404780c49287e63177e960304/amazon-appstore-sdk-3.0.5.jar: R8: Expected stack map table for method with non-linear control flow. In later version of R8, the method may be assumed not reachable.
WARNING: /Users/apple/.gradle/caches/modules-2/files-2.1/com.amazon.device/amazon-appstore-sdk/3.0.5/cb046867a6d127f404780c49287e63177e960304/amazon-appstore-sdk-3.0.5.jar: R8: Expected stack map table for method with non-linear control flow. In later version of R8, the method may be assumed not reachable.
WARNING: /Users/apple/.gradle/caches/modules-2/files-2.1/com.amazon.device/amazon-appstore-sdk/3.0.5/cb046867a6d127f404780c49287e63177e960304/amazon-appstore-sdk-3.0.5.jar: R8: Expected stack map table for method with non-linear control flow. In later version of R8, the method may be assumed not reachable.
WARNING: /Users/apple/.gradle/caches/modules-2/files-2.1/com.amazon.device/amazon-appstore-sdk/3.0.5/cb046867a6d127f404780c49287e63177e960304/amazon-appstore-sdk-3.0.5.jar: R8: Expected stack map table for method with non-linear control flow. In later version of R8, the method may be assumed not reachable.
WARNING: /Users/apple/.gradle/caches/modules-2/files-2.1/com.amazon.device/amazon-appstore-sdk/3.0.5/cb046867a6d127f404780c49287e63177e960304/amazon-appstore-sdk-3.0.5.jar: R8: Expected stack map table for method with non-linear control flow. In later version of R8, the method may be assumed not reachable.
WARNING: /Users/apple/.gradle/caches/modules-2/files-2.1/com.amazon.device/amazon-appstore-sdk/3.0.5/cb046867a6d127f404780c49287e63177e960304/amazon-appstore-sdk-3.0.5.jar: R8: Expected stack map table for method with non-linear control flow. In later version of R8, the method may be assumed not reachable.
WARNING: /Users/apple/.gradle/caches/modules-2/files-2.1/com.amazon.device/amazon-appstore-sdk/3.0.5/cb046867a6d127f404780c49287e63177e960304/amazon-appstore-sdk-3.0.5.jar: R8: Expected stack map table for method with non-linear control flow. In later version of R8, the method may be assumed not reachable.
WARNING: /Users/apple/.gradle/caches/modules-2/files-2.1/com.amazon.device/amazon-appstore-sdk/3.0.5/cb046867a6d127f404780c49287e63177e960304/amazon-appstore-sdk-3.0.5.jar: R8: Expected stack map table for method with non-linear control flow. In later version of R8, the method may be assumed not reachable.
WARNING: /Users/apple/.gradle/caches/modules-2/files-2.1/com.amazon.device/amazon-appstore-sdk/3.0.5/cb046867a6d127f404780c49287e63177e960304/amazon-appstore-sdk-3.0.5.jar: R8: Expected stack map table for method with non-linear control flow. In later version of R8, the method may be assumed not reachable.
WARNING: /Users/apple/.gradle/caches/modules-2/files-2.1/com.amazon.device/amazon-appstore-sdk/3.0.5/cb046867a6d127f404780c49287e63177e960304/amazon-appstore-sdk-3.0.5.jar: R8: Expected stack map table for method with non-linear control flow. In later version of R8, the method may be assumed not reachable.
WARNING: /Users/apple/.gradle/caches/modules-2/files-2.1/com.amazon.device/amazon-appstore-sdk/3.0.5/cb046867a6d127f404780c49287e63177e960304/amazon-appstore-sdk-3.0.5.jar: R8: Expected stack map table for method with non-linear control flow. In later version of R8, the method may be assumed not reachable.
WARNING: /Users/apple/.gradle/caches/modules-2/files-2.1/com.amazon.device/amazon-appstore-sdk/3.0.5/cb046867a6d127f404780c49287e63177e960304/amazon-appstore-sdk-3.0.5.jar: R8: Expected stack map table for method with non-linear control flow. In later version of R8, the method may be assumed not reachable.
WARNING: /Users/apple/.gradle/caches/modules-2/files-2.1/com.amazon.device/amazon-appstore-sdk/3.0.5/cb046867a6d127f404780c49287e63177e960304/amazon-appstore-sdk-3.0.5.jar: R8: Expected stack map table for method with non-linear control flow. In later version of R8, the method may be assumed not reachable.
WARNING: /Users/apple/.gradle/caches/modules-2/files-2.1/com.amazon.device/amazon-appstore-sdk/3.0.5/cb046867a6d127f404780c49287e63177e960304/amazon-appstore-sdk-3.0.5.jar: R8: Expected stack map table for method with non-linear control flow. In later version of R8, the method may be assumed not reachable.
WARNING: /Users/apple/.gradle/caches/modules-2/files-2.1/com.amazon.device/amazon-appstore-sdk/3.0.5/cb046867a6d127f404780c49287e63177e960304/amazon-appstore-sdk-3.0.5.jar: R8: Expected stack map table for method with non-linear control flow. In later version of R8, the method may be assumed not reachable.
WARNING: /Users/apple/.gradle/caches/modules-2/files-2.1/com.amazon.device/amazon-appstore-sdk/3.0.5/cb046867a6d127f404780c49287e63177e960304/amazon-appstore-sdk-3.0.5.jar: R8: Expected stack map table for method with non-linear control flow. In later version of R8, the method may be assumed not reachable.
WARNING: /Users/apple/.gradle/caches/modules-2/files-2.1/com.amazon.device/amazon-appstore-sdk/3.0.5/cb046867a6d127f404780c49287e63177e960304/amazon-appstore-sdk-3.0.5.jar: R8: Expected stack map table for method with non-linear control flow. In later version of R8, the method may be assumed not reachable.
WARNING: /Users/apple/.gradle/caches/modules-2/files-2.1/com.amazon.device/amazon-appstore-sdk/3.0.5/cb046867a6d127f404780c49287e63177e960304/amazon-appstore-sdk-3.0.5.jar: R8: Expected stack map table for method with non-linear control flow. In later version of R8, the method may be assumed not reachable.
WARNING: /Users/apple/.gradle/caches/modules-2/files-2.1/com.amazon.device/amazon-appstore-sdk/3.0.5/cb046867a6d127f404780c49287e63177e960304/amazon-appstore-sdk-3.0.5.jar: R8: Expected stack map table for method with non-linear control flow. In later version of R8, the method may be assumed not reachable.
WARNING: /Users/apple/.gradle/caches/modules-2/files-2.1/com.amazon.device/amazon-appstore-sdk/3.0.5/cb046867a6d127f404780c49287e63177e960304/amazon-appstore-sdk-3.0.5.jar: R8: Expected stack map table for method with non-linear control flow. In later version of R8, the method may be assumed not reachable.
WARNING: /Users/apple/.gradle/caches/modules-2/files-2.1/com.amazon.device/amazon-appstore-sdk/3.0.5/cb046867a6d127f404780c49287e63177e960304/amazon-appstore-sdk-3.0.5.jar: R8: Expected stack map table for method with non-linear control flow. In later version of R8, the method may be assumed not reachable.
WARNING: /Users/apple/.gradle/caches/modules-2/files-2.1/com.amazon.device/amazon-appstore-sdk/3.0.5/cb046867a6d127f404780c49287e63177e960304/amazon-appstore-sdk-3.0.5.jar: R8: Expected stack map table for method with non-linear control flow. In later version of R8, the method may be assumed not reachable.
WARNING: /Users/apple/.gradle/caches/modules-2/files-2.1/com.amazon.device/amazon-appstore-sdk/3.0.5/cb046867a6d127f404780c49287e63177e960304/amazon-appstore-sdk-3.0.5.jar: R8: Expected stack map table for method with non-linear control flow. In later version of R8, the method may be assumed not reachable.
WARNING: /Users/apple/.gradle/caches/modules-2/files-2.1/com.amazon.device/amazon-appstore-sdk/3.0.5/cb046867a6d127f404780c49287e63177e960304/amazon-appstore-sdk-3.0.5.jar: R8: Expected stack map table for method with non-linear control flow. In later version of R8, the method may be assumed not reachable.
WARNING: /Users/apple/.gradle/caches/modules-2/files-2.1/com.amazon.device/amazon-appstore-sdk/3.0.5/cb046867a6d127f404780c49287e63177e960304/amazon-appstore-sdk-3.0.5.jar: R8: Expected stack map table for method with non-linear control flow. In later version of R8, the method may be assumed not reachable.
WARNING: /Users/apple/.gradle/caches/modules-2/files-2.1/com.amazon.device/amazon-appstore-sdk/3.0.5/cb046867a6d127f404780c49287e63177e960304/amazon-appstore-sdk-3.0.5.jar: R8: Expected stack map table for method with non-linear control flow. In later version of R8, the method may be assumed not reachable.
WARNING: /Users/apple/.gradle/caches/modules-2/files-2.1/com.amazon.device/amazon-appstore-sdk/3.0.5/cb046867a6d127f404780c49287e63177e960304/amazon-appstore-sdk-3.0.5.jar: R8: Expected stack map table for method with non-linear control flow. In later version of R8, the method may be assumed not reachable.
WARNING: /Users/apple/.gradle/caches/modules-2/files-2.1/com.amazon.device/amazon-appstore-sdk/3.0.5/cb046867a6d127f404780c49287e63177e960304/amazon-appstore-sdk-3.0.5.jar: R8: Expected stack map table for method with non-linear control flow. In later version of R8, the method may be assumed not reachable.
WARNING: /Users/apple/.gradle/caches/modules-2/files-2.1/com.amazon.device/amazon-appstore-sdk/3.0.5/cb046867a6d127f404780c49287e63177e960304/amazon-appstore-sdk-3.0.5.jar: R8: Expected stack map table for method with non-linear control flow. In later version of R8, the method may be assumed not reachable.
WARNING: /Users/apple/.gradle/caches/modules-2/files-2.1/com.amazon.device/amazon-appstore-sdk/3.0.5/cb046867a6d127f404780c49287e63177e960304/amazon-appstore-sdk-3.0.5.jar: R8: Expected stack map table for method with non-linear control flow. In later version of R8, the method may be assumed not reachable.
WARNING: /Users/apple/.gradle/caches/modules-2/files-2.1/com.amazon.device/amazon-appstore-sdk/3.0.5/cb046867a6d127f404780c49287e63177e960304/amazon-appstore-sdk-3.0.5.jar: R8: Expected stack map table for method with non-linear control flow. In later version of R8, the method may be assumed not reachable.
WARNING: /Users/apple/.gradle/caches/modules-2/files-2.1/com.amazon.device/amazon-appstore-sdk/3.0.5/cb046867a6d127f404780c49287e63177e960304/amazon-appstore-sdk-3.0.5.jar: R8: Expected stack map table for method with non-linear control flow. In later version of R8, the method may be assumed not reachable.
WARNING: /Users/apple/.gradle/caches/modules-2/files-2.1/com.amazon.device/amazon-appstore-sdk/3.0.5/cb046867a6d127f404780c49287e63177e960304/amazon-appstore-sdk-3.0.5.jar: R8: Expected stack map table for method with non-linear control flow. In later version of R8, the method may be assumed not reachable.
WARNING: /Users/apple/.gradle/caches/modules-2/files-2.1/com.amazon.device/amazon-appstore-sdk/3.0.5/cb046867a6d127f404780c49287e63177e960304/amazon-appstore-sdk-3.0.5.jar: R8: Expected stack map table for method with non-linear control flow. In later version of R8, the method may be assumed not reachable.
WARNING: /Users/apple/.gradle/caches/modules-2/files-2.1/com.amazon.device/amazon-appstore-sdk/3.0.5/cb046867a6d127f404780c49287e63177e960304/amazon-appstore-sdk-3.0.5.jar: R8: Expected stack map table for method with non-linear control flow. In later version of R8, the method may be assumed not reachable.
WARNING: /Users/apple/.gradle/caches/modules-2/files-2.1/com.amazon.device/amazon-appstore-sdk/3.0.5/cb046867a6d127f404780c49287e63177e960304/amazon-appstore-sdk-3.0.5.jar: R8: Expected stack map table for method with non-linear control flow. In later version of R8, the method may be assumed not reachable.
WARNING: /Users/apple/.gradle/caches/modules-2/files-2.1/com.amazon.device/amazon-appstore-sdk/3.0.5/cb046867a6d127f404780c49287e63177e960304/amazon-appstore-sdk-3.0.5.jar: R8: Expected stack map table for method with non-linear control flow. In later version of R8, the method may be assumed not reachable.
WARNING: /Users/apple/.gradle/caches/modules-2/files-2.1/com.amazon.device/amazon-appstore-sdk/3.0.5/cb046867a6d127f404780c49287e63177e960304/amazon-appstore-sdk-3.0.5.jar: R8: Expected stack map table for method with non-linear control flow. In later version of R8, the method may be assumed not reachable.
WARNING: /Users/apple/.gradle/caches/modules-2/files-2.1/com.amazon.device/amazon-appstore-sdk/3.0.5/cb046867a6d127f404780c49287e63177e960304/amazon-appstore-sdk-3.0.5.jar: R8: Expected stack map table for method with non-linear control flow. In later version of R8, the method may be assumed not reachable.
WARNING: /Users/apple/.gradle/caches/modules-2/files-2.1/com.amazon.device/amazon-appstore-sdk/3.0.5/cb046867a6d127f404780c49287e63177e960304/amazon-appstore-sdk-3.0.5.jar: R8: Expected stack map table for method with non-linear control flow. In later version of R8, the method may be assumed not reachable.
WARNING: /Users/apple/.gradle/caches/modules-2/files-2.1/com.amazon.device/amazon-appstore-sdk/3.0.5/cb046867a6d127f404780c49287e63177e960304/amazon-appstore-sdk-3.0.5.jar: R8: Expected stack map table for method with non-linear control flow. In later version of R8, the method may be assumed not reachable.
WARNING: /Users/apple/.gradle/caches/modules-2/files-2.1/com.amazon.device/amazon-appstore-sdk/3.0.5/cb046867a6d127f404780c49287e63177e960304/amazon-appstore-sdk-3.0.5.jar: R8: Expected stack map table for method with non-linear control flow. In later version of R8, the method may be assumed not reachable.
WARNING: /Users/apple/.gradle/caches/modules-2/files-2.1/com.amazon.device/amazon-appstore-sdk/3.0.5/cb046867a6d127f404780c49287e63177e960304/amazon-appstore-sdk-3.0.5.jar: R8: Expected stack map table for method with non-linear control flow. In later version of R8, the method may be assumed not reachable.
WARNING: /Users/apple/.gradle/caches/modules-2/files-2.1/com.amazon.device/amazon-appstore-sdk/3.0.5/cb046867a6d127f404780c49287e63177e960304/amazon-appstore-sdk-3.0.5.jar: R8: Expected stack map table for method with non-linear control flow. In later version of R8, the method may be assumed not reachable.
WARNING: /Users/apple/.gradle/caches/modules-2/files-2.1/com.amazon.device/amazon-appstore-sdk/3.0.5/cb046867a6d127f404780c49287e63177e960304/amazon-appstore-sdk-3.0.5.jar: R8: Expected stack map table for method with non-linear control flow. In later version of R8, the method may be assumed not reachable.
WARNING: /Users/apple/.gradle/caches/modules-2/files-2.1/com.amazon.device/amazon-appstore-sdk/3.0.5/cb046867a6d127f404780c49287e63177e960304/amazon-appstore-sdk-3.0.5.jar: R8: Expected stack map table for method with non-linear control flow. In later version of R8, the method may be assumed not reachable.
WARNING: /Users/apple/.gradle/caches/modules-2/files-2.1/com.amazon.device/amazon-appstore-sdk/3.0.5/cb046867a6d127f404780c49287e63177e960304/amazon-appstore-sdk-3.0.5.jar: R8: Expected stack map table for method with non-linear control flow. In later version of R8, the method may be assumed not reachable.
WARNING: /Users/apple/.gradle/caches/modules-2/files-2.1/com.amazon.device/amazon-appstore-sdk/3.0.5/cb046867a6d127f404780c49287e63177e960304/amazon-appstore-sdk-3.0.5.jar: R8: Expected stack map table for method with non-linear control flow. In later version of R8, the method may be assumed not reachable.
WARNING: /Users/apple/.gradle/caches/modules-2/files-2.1/com.amazon.device/amazon-appstore-sdk/3.0.5/cb046867a6d127f404780c49287e63177e960304/amazon-appstore-sdk-3.0.5.jar: R8: Expected stack map table for method with non-linear control flow. In later version of R8, the method may be assumed not reachable.
WARNING: /Users/apple/.gradle/caches/modules-2/files-2.1/com.amazon.device/amazon-appstore-sdk/3.0.5/cb046867a6d127f404780c49287e63177e960304/amazon-appstore-sdk-3.0.5.jar: R8: Expected stack map table for method with non-linear control flow. In later version of R8, the method may be assumed not reachable.
WARNING: /Users/apple/.gradle/caches/modules-2/files-2.1/com.amazon.device/amazon-appstore-sdk/3.0.5/cb046867a6d127f404780c49287e63177e960304/amazon-appstore-sdk-3.0.5.jar: R8: Expected stack map table for method with non-linear control flow. In later version of R8, the method may be assumed not reachable.
WARNING: /Users/apple/.gradle/caches/modules-2/files-2.1/com.amazon.device/amazon-appstore-sdk/3.0.5/cb046867a6d127f404780c49287e63177e960304/amazon-appstore-sdk-3.0.5.jar: R8: Expected stack map table for method with non-linear control flow. In later version of R8, the method may be assumed not reachable.
WARNING: /Users/apple/.gradle/caches/modules-2/files-2.1/com.amazon.device/amazon-appstore-sdk/3.0.5/cb046867a6d127f404780c49287e63177e960304/amazon-appstore-sdk-3.0.5.jar: R8: Expected stack map table for method with non-linear control flow. In later version of R8, the method may be assumed not reachable.
WARNING: /Users/apple/.gradle/caches/modules-2/files-2.1/com.amazon.device/amazon-appstore-sdk/3.0.5/cb046867a6d127f404780c49287e63177e960304/amazon-appstore-sdk-3.0.5.jar: R8: Expected stack map table for method with non-linear control flow. In later version of R8, the method may be assumed not reachable.
WARNING: /Users/apple/.gradle/caches/modules-2/files-2.1/com.amazon.device/amazon-appstore-sdk/3.0.5/cb046867a6d127f404780c49287e63177e960304/amazon-appstore-sdk-3.0.5.jar: R8: Expected stack map table for method with non-linear control flow. In later version of R8, the method may be assumed not reachable.
WARNING: /Users/apple/.gradle/caches/modules-2/files-2.1/com.amazon.device/amazon-appstore-sdk/3.0.5/cb046867a6d127f404780c49287e63177e960304/amazon-appstore-sdk-3.0.5.jar: R8: Expected stack map table for method with non-linear control flow. In later version of R8, the method may be assumed not reachable.
WARNING: /Users/apple/.gradle/caches/modules-2/files-2.1/com.amazon.device/amazon-appstore-sdk/3.0.5/cb046867a6d127f404780c49287e63177e960304/amazon-appstore-sdk-3.0.5.jar: R8: Expected stack map table for method with non-linear control flow. In later version of R8, the method may be assumed not reachable.
WARNING: /Users/apple/.gradle/caches/modules-2/files-2.1/com.amazon.device/amazon-appstore-sdk/3.0.5/cb046867a6d127f404780c49287e63177e960304/amazon-appstore-sdk-3.0.5.jar: R8: Expected stack map table for method with non-linear control flow. In later version of R8, the method may be assumed not reachable.
WARNING: /Users/apple/.gradle/caches/modules-2/files-2.1/com.amazon.device/amazon-appstore-sdk/3.0.5/cb046867a6d127f404780c49287e63177e960304/amazon-appstore-sdk-3.0.5.jar: R8: Expected stack map table for method with non-linear control flow. In later version of R8, the method may be assumed not reachable.
WARNING: /Users/apple/.gradle/caches/modules-2/files-2.1/com.amazon.device/amazon-appstore-sdk/3.0.5/cb046867a6d127f404780c49287e63177e960304/amazon-appstore-sdk-3.0.5.jar: R8: Expected stack map table for method with non-linear control flow. In later version of R8, the method may be assumed not reachable.
WARNING: /Users/apple/.gradle/caches/modules-2/files-2.1/com.amazon.device/amazon-appstore-sdk/3.0.5/cb046867a6d127f404780c49287e63177e960304/amazon-appstore-sdk-3.0.5.jar: R8: Expected stack map table for method with non-linear control flow. In later version of R8, the method may be assumed not reachable.
WARNING: /Users/apple/.gradle/caches/modules-2/files-2.1/com.amazon.device/amazon-appstore-sdk/3.0.5/cb046867a6d127f404780c49287e63177e960304/amazon-appstore-sdk-3.0.5.jar: R8: Expected stack map table for method with non-linear control flow. In later version of R8, the method may be assumed not reachable.
WARNING: /Users/apple/.gradle/caches/modules-2/files-2.1/com.amazon.device/amazon-appstore-sdk/3.0.5/cb046867a6d127f404780c49287e63177e960304/amazon-appstore-sdk-3.0.5.jar: R8: Expected stack map table for method with non-linear control flow. In later version of R8, the method may be assumed not reachable.
WARNING: /Users/apple/.gradle/caches/modules-2/files-2.1/com.amazon.device/amazon-appstore-sdk/3.0.5/cb046867a6d127f404780c49287e63177e960304/amazon-appstore-sdk-3.0.5.jar: R8: Expected stack map table for method with non-linear control flow. In later version of R8, the method may be assumed not reachable.
WARNING: /Users/apple/.gradle/caches/modules-2/files-2.1/com.amazon.device/amazon-appstore-sdk/3.0.5/cb046867a6d127f404780c49287e63177e960304/amazon-appstore-sdk-3.0.5.jar: R8: Expected stack map table for method with non-linear control flow. In later version of R8, the method may be assumed not reachable.
WARNING: /Users/apple/.gradle/caches/modules-2/files-2.1/com.amazon.device/amazon-appstore-sdk/3.0.5/cb046867a6d127f404780c49287e63177e960304/amazon-appstore-sdk-3.0.5.jar: R8: Expected stack map table for method with non-linear control flow. In later version of R8, the method may be assumed not reachable.
WARNING: /Users/apple/.gradle/caches/modules-2/files-2.1/com.amazon.device/amazon-appstore-sdk/3.0.5/cb046867a6d127f404780c49287e63177e960304/amazon-appstore-sdk-3.0.5.jar: R8: Expected stack map table for method with non-linear control flow. In later version of R8, the method may be assumed not reachable.
WARNING: /Users/apple/.gradle/caches/modules-2/files-2.1/com.amazon.device/amazon-appstore-sdk/3.0.5/cb046867a6d127f404780c49287e63177e960304/amazon-appstore-sdk-3.0.5.jar: R8: Expected stack map table for method with non-linear control flow. In later version of R8, the method may be assumed not reachable.
WARNING: /Users/apple/.gradle/caches/modules-2/files-2.1/com.amazon.device/amazon-appstore-sdk/3.0.5/cb046867a6d127f404780c49287e63177e960304/amazon-appstore-sdk-3.0.5.jar: R8: Expected stack map table for method with non-linear control flow. In later version of R8, the method may be assumed not reachable.
WARNING: /Users/apple/.gradle/caches/modules-2/files-2.1/com.amazon.device/amazon-appstore-sdk/3.0.5/cb046867a6d127f404780c49287e63177e960304/amazon-appstore-sdk-3.0.5.jar: R8: Expected stack map table for method with non-linear control flow. In later version of R8, the method may be assumed not reachable.
WARNING: /Users/apple/.gradle/caches/modules-2/files-2.1/com.amazon.device/amazon-appstore-sdk/3.0.5/cb046867a6d127f404780c49287e63177e960304/amazon-appstore-sdk-3.0.5.jar: R8: Expected stack map table for method with non-linear control flow. In later version of R8, the method may be assumed not reachable.
WARNING: /Users/apple/.gradle/caches/modules-2/files-2.1/com.amazon.device/amazon-appstore-sdk/3.0.5/cb046867a6d127f404780c49287e63177e960304/amazon-appstore-sdk-3.0.5.jar: R8: Expected stack map table for method with non-linear control flow. In later version of R8, the method may be assumed not reachable.
WARNING: /Users/apple/.gradle/caches/modules-2/files-2.1/com.amazon.device/amazon-appstore-sdk/3.0.5/cb046867a6d127f404780c49287e63177e960304/amazon-appstore-sdk-3.0.5.jar: R8: Expected stack map table for method with non-linear control flow. In later version of R8, the method may be assumed not reachable.
WARNING: /Users/apple/.gradle/caches/modules-2/files-2.1/com.amazon.device/amazon-appstore-sdk/3.0.5/cb046867a6d127f404780c49287e63177e960304/amazon-appstore-sdk-3.0.5.jar: R8: Expected stack map table for method with non-linear control flow. In later version of R8, the method may be assumed not reachable.
WARNING: /Users/apple/.gradle/caches/modules-2/files-2.1/com.amazon.device/amazon-appstore-sdk/3.0.5/cb046867a6d127f404780c49287e63177e960304/amazon-appstore-sdk-3.0.5.jar: R8: Expected stack map table for method with non-linear control flow. In later version of R8, the method may be assumed not reachable.
WARNING: /Users/apple/.gradle/caches/modules-2/files-2.1/com.amazon.device/amazon-appstore-sdk/3.0.5/cb046867a6d127f404780c49287e63177e960304/amazon-appstore-sdk-3.0.5.jar: R8: Expected stack map table for method with non-linear control flow. In later version of R8, the method may be assumed not reachable.
WARNING: /Users/apple/.gradle/caches/modules-2/files-2.1/com.amazon.device/amazon-appstore-sdk/3.0.5/cb046867a6d127f404780c49287e63177e960304/amazon-appstore-sdk-3.0.5.jar: R8: Expected stack map table for method with non-linear control flow. In later version of R8, the method may be assumed not reachable.
WARNING: /Users/apple/.gradle/caches/modules-2/files-2.1/com.amazon.device/amazon-appstore-sdk/3.0.5/cb046867a6d127f404780c49287e63177e960304/amazon-appstore-sdk-3.0.5.jar: R8: Expected stack map table for method with non-linear control flow. In later version of R8, the method may be assumed not reachable.
WARNING: /Users/apple/.gradle/caches/modules-2/files-2.1/com.amazon.device/amazon-appstore-sdk/3.0.5/cb046867a6d127f404780c49287e63177e960304/amazon-appstore-sdk-3.0.5.jar: R8: Expected stack map table for method with non-linear control flow. In later version of R8, the method may be assumed not reachable.
WARNING: /Users/apple/.gradle/caches/modules-2/files-2.1/com.amazon.device/amazon-appstore-sdk/3.0.5/cb046867a6d127f404780c49287e63177e960304/amazon-appstore-sdk-3.0.5.jar: R8: Expected stack map table for method with non-linear control flow. In later version of R8, the method may be assumed not reachable.
WARNING: /Users/apple/.gradle/caches/modules-2/files-2.1/com.amazon.device/amazon-appstore-sdk/3.0.5/cb046867a6d127f404780c49287e63177e960304/amazon-appstore-sdk-3.0.5.jar: R8: Expected stack map table for method with non-linear control flow. In later version of R8, the method may be assumed not reachable.
WARNING: /Users/apple/.gradle/caches/modules-2/files-2.1/com.amazon.device/amazon-appstore-sdk/3.0.5/cb046867a6d127f404780c49287e63177e960304/amazon-appstore-sdk-3.0.5.jar: R8: Expected stack map table for method with non-linear control flow. In later version of R8, the method may be assumed not reachable.
WARNING: /Users/apple/.gradle/caches/modules-2/files-2.1/com.amazon.device/amazon-appstore-sdk/3.0.5/cb046867a6d127f404780c49287e63177e960304/amazon-appstore-sdk-3.0.5.jar: R8: Expected stack map table for method with non-linear control flow. In later version of R8, the method may be assumed not reachable.
WARNING: /Users/apple/.gradle/caches/modules-2/files-2.1/com.amazon.device/amazon-appstore-sdk/3.0.5/cb046867a6d127f404780c49287e63177e960304/amazon-appstore-sdk-3.0.5.jar: R8: Expected stack map table for method with non-linear control flow. In later version of R8, the method may be assumed not reachable.
WARNING: /Users/apple/.gradle/caches/modules-2/files-2.1/com.amazon.device/amazon-appstore-sdk/3.0.5/cb046867a6d127f404780c49287e63177e960304/amazon-appstore-sdk-3.0.5.jar: R8: Expected stack map table for method with non-linear control flow. In later version of R8, the method may be assumed not reachable.
WARNING: /Users/apple/.gradle/caches/modules-2/files-2.1/com.amazon.device/amazon-appstore-sdk/3.0.5/cb046867a6d127f404780c49287e63177e960304/amazon-appstore-sdk-3.0.5.jar: R8: Expected stack map table for method with non-linear control flow. In later version of R8, the method may be assumed not reachable.
WARNING: /Users/apple/.gradle/caches/modules-2/files-2.1/com.amazon.device/amazon-appstore-sdk/3.0.5/cb046867a6d127f404780c49287e63177e960304/amazon-appstore-sdk-3.0.5.jar: R8: Expected stack map table for method with non-linear control flow. In later version of R8, the method may be assumed not reachable.
WARNING: /Users/apple/.gradle/caches/modules-2/files-2.1/com.amazon.device/amazon-appstore-sdk/3.0.5/cb046867a6d127f404780c49287e63177e960304/amazon-appstore-sdk-3.0.5.jar: R8: Expected stack map table for method with non-linear control flow. In later version of R8, the method may be assumed not reachable.
WARNING: /Users/apple/.gradle/caches/modules-2/files-2.1/com.amazon.device/amazon-appstore-sdk/3.0.5/cb046867a6d127f404780c49287e63177e960304/amazon-appstore-sdk-3.0.5.jar: R8: Expected stack map table for method with non-linear control flow. In later version of R8, the method may be assumed not reachable.
WARNING: /Users/apple/.gradle/caches/modules-2/files-2.1/com.amazon.device/amazon-appstore-sdk/3.0.5/cb046867a6d127f404780c49287e63177e960304/amazon-appstore-sdk-3.0.5.jar: R8: Expected stack map table for method with non-linear control flow. In later version of R8, the method may be assumed not reachable.
WARNING: /Users/apple/.gradle/caches/modules-2/files-2.1/com.amazon.device/amazon-appstore-sdk/3.0.5/cb046867a6d127f404780c49287e63177e960304/amazon-appstore-sdk-3.0.5.jar: R8: Expected stack map table for method with non-linear control flow. In later version of R8, the method may be assumed not reachable.
WARNING: /Users/apple/.gradle/caches/modules-2/files-2.1/com.amazon.device/amazon-appstore-sdk/3.0.5/cb046867a6d127f404780c49287e63177e960304/amazon-appstore-sdk-3.0.5.jar: R8: Expected stack map table for method with non-linear control flow. In later version of R8, the method may be assumed not reachable.
WARNING: /Users/apple/.gradle/caches/modules-2/files-2.1/com.amazon.device/amazon-appstore-sdk/3.0.5/cb046867a6d127f404780c49287e63177e960304/amazon-appstore-sdk-3.0.5.jar: R8: Expected stack map table for method with non-linear control flow. In later version of R8, the method may be assumed not reachable.
WARNING: /Users/apple/.gradle/caches/modules-2/files-2.1/com.amazon.device/amazon-appstore-sdk/3.0.5/cb046867a6d127f404780c49287e63177e960304/amazon-appstore-sdk-3.0.5.jar: R8: Expected stack map table for method with non-linear control flow. In later version of R8, the method may be assumed not reachable.
WARNING: /Users/apple/.gradle/caches/modules-2/files-2.1/com.amazon.device/amazon-appstore-sdk/3.0.5/cb046867a6d127f404780c49287e63177e960304/amazon-appstore-sdk-3.0.5.jar: R8: Expected stack map table for method with non-linear control flow. In later version of R8, the method may be assumed not reachable.
WARNING: /Users/apple/.gradle/caches/modules-2/files-2.1/com.amazon.device/amazon-appstore-sdk/3.0.5/cb046867a6d127f404780c49287e63177e960304/amazon-appstore-sdk-3.0.5.jar: R8: Expected stack map table for method with non-linear control flow. In later version of R8, the method may be assumed not reachable.
WARNING: /Users/apple/.gradle/caches/modules-2/files-2.1/com.amazon.device/amazon-appstore-sdk/3.0.5/cb046867a6d127f404780c49287e63177e960304/amazon-appstore-sdk-3.0.5.jar: R8: Expected stack map table for method with non-linear control flow. In later version of R8, the method may be assumed not reachable.
WARNING: /Users/apple/.gradle/caches/modules-2/files-2.1/com.amazon.device/amazon-appstore-sdk/3.0.5/cb046867a6d127f404780c49287e63177e960304/amazon-appstore-sdk-3.0.5.jar: R8: Expected stack map table for method with non-linear control flow. In later version of R8, the method may be assumed not reachable.
WARNING: /Users/apple/.gradle/caches/modules-2/files-2.1/com.amazon.device/amazon-appstore-sdk/3.0.5/cb046867a6d127f404780c49287e63177e960304/amazon-appstore-sdk-3.0.5.jar: R8: Expected stack map table for method with non-linear control flow. In later version of R8, the method may be assumed not reachable.
WARNING: /Users/apple/.gradle/caches/modules-2/files-2.1/com.amazon.device/amazon-appstore-sdk/3.0.5/cb046867a6d127f404780c49287e63177e960304/amazon-appstore-sdk-3.0.5.jar: R8: Expected stack map table for method with non-linear control flow. In later version of R8, the method may be assumed not reachable.
WARNING: /Users/apple/.gradle/caches/modules-2/files-2.1/com.amazon.device/amazon-appstore-sdk/3.0.5/cb046867a6d127f404780c49287e63177e960304/amazon-appstore-sdk-3.0.5.jar: R8: Expected stack map table for method with non-linear control flow. In later version of R8, the method may be assumed not reachable.
WARNING: /Users/apple/.gradle/caches/modules-2/files-2.1/com.amazon.device/amazon-appstore-sdk/3.0.5/cb046867a6d127f404780c49287e63177e960304/amazon-appstore-sdk-3.0.5.jar: R8: Expected stack map table for method with non-linear control flow. In later version of R8, the method may be assumed not reachable.
WARNING: /Users/apple/.gradle/caches/modules-2/files-2.1/com.amazon.device/amazon-appstore-sdk/3.0.5/cb046867a6d127f404780c49287e63177e960304/amazon-appstore-sdk-3.0.5.jar: R8: Expected stack map table for method with non-linear control flow. In later version of R8, the method may be assumed not reachable.
WARNING: /Users/apple/.gradle/caches/modules-2/files-2.1/com.amazon.device/amazon-appstore-sdk/3.0.5/cb046867a6d127f404780c49287e63177e960304/amazon-appstore-sdk-3.0.5.jar: R8: Expected stack map table for method with non-linear control flow. In later version of R8, the method may be assumed not reachable.
WARNING: /Users/apple/.gradle/caches/modules-2/files-2.1/com.amazon.device/amazon-appstore-sdk/3.0.5/cb046867a6d127f404780c49287e63177e960304/amazon-appstore-sdk-3.0.5.jar: R8: Expected stack map table for method with non-linear control flow. In later version of R8, the method may be assumed not reachable.
WARNING: /Users/apple/.gradle/caches/modules-2/files-2.1/com.amazon.device/amazon-appstore-sdk/3.0.5/cb046867a6d127f404780c49287e63177e960304/amazon-appstore-sdk-3.0.5.jar: R8: Expected stack map table for method with non-linear control flow. In later version of R8, the method may be assumed not reachable.
WARNING: /Users/apple/.gradle/caches/modules-2/files-2.1/com.amazon.device/amazon-appstore-sdk/3.0.5/cb046867a6d127f404780c49287e63177e960304/amazon-appstore-sdk-3.0.5.jar: R8: Expected stack map table for method with non-linear control flow. In later version of R8, the method may be assumed not reachable.
WARNING: /Users/apple/.gradle/caches/modules-2/files-2.1/com.amazon.device/amazon-appstore-sdk/3.0.5/cb046867a6d127f404780c49287e63177e960304/amazon-appstore-sdk-3.0.5.jar: R8: Expected stack map table for method with non-linear control flow. In later version of R8, the method may be assumed not reachable.
WARNING: /Users/apple/.gradle/caches/modules-2/files-2.1/com.amazon.device/amazon-appstore-sdk/3.0.5/cb046867a6d127f404780c49287e63177e960304/amazon-appstore-sdk-3.0.5.jar: R8: Expected stack map table for method with non-linear control flow. In later version of R8, the method may be assumed not reachable.
WARNING: /Users/apple/.gradle/caches/modules-2/files-2.1/com.amazon.device/amazon-appstore-sdk/3.0.5/cb046867a6d127f404780c49287e63177e960304/amazon-appstore-sdk-3.0.5.jar: R8: Expected stack map table for method with non-linear control flow. In later version of R8, the method may be assumed not reachable.
WARNING: /Users/apple/.gradle/caches/modules-2/files-2.1/com.amazon.device/amazon-appstore-sdk/3.0.5/cb046867a6d127f404780c49287e63177e960304/amazon-appstore-sdk-3.0.5.jar: R8: Expected stack map table for method with non-linear control flow. In later version of R8, the method may be assumed not reachable.
WARNING: /Users/apple/.gradle/caches/modules-2/files-2.1/com.amazon.device/amazon-appstore-sdk/3.0.5/cb046867a6d127f404780c49287e63177e960304/amazon-appstore-sdk-3.0.5.jar: R8: Expected stack map table for method with non-linear control flow. In later version of R8, the method may be assumed not reachable.
WARNING: /Users/apple/.gradle/caches/modules-2/files-2.1/com.amazon.device/amazon-appstore-sdk/3.0.5/cb046867a6d127f404780c49287e63177e960304/amazon-appstore-sdk-3.0.5.jar: R8: Expected stack map table for method with non-linear control flow. In later version of R8, the method may be assumed not reachable.
WARNING: /Users/apple/.gradle/caches/modules-2/files-2.1/com.amazon.device/amazon-appstore-sdk/3.0.5/cb046867a6d127f404780c49287e63177e960304/amazon-appstore-sdk-3.0.5.jar: R8: Expected stack map table for method with non-linear control flow. In later version of R8, the method may be assumed not reachable.
WARNING: /Users/apple/.gradle/caches/modules-2/files-2.1/com.amazon.device/amazon-appstore-sdk/3.0.5/cb046867a6d127f404780c49287e63177e960304/amazon-appstore-sdk-3.0.5.jar: R8: Expected stack map table for method with non-linear control flow. In later version of R8, the method may be assumed not reachable.
WARNING: /Users/apple/.gradle/caches/modules-2/files-2.1/com.amazon.device/amazon-appstore-sdk/3.0.5/cb046867a6d127f404780c49287e63177e960304/amazon-appstore-sdk-3.0.5.jar: R8: Expected stack map table for method with non-linear control flow. In later version of R8, the method may be assumed not reachable.
WARNING: /Users/apple/.gradle/caches/modules-2/files-2.1/com.amazon.device/amazon-appstore-sdk/3.0.5/cb046867a6d127f404780c49287e63177e960304/amazon-appstore-sdk-3.0.5.jar: R8: Expected stack map table for method with non-linear control flow. In later version of R8, the method may be assumed not reachable.
WARNING: /Users/apple/.gradle/caches/modules-2/files-2.1/com.amazon.device/amazon-appstore-sdk/3.0.5/cb046867a6d127f404780c49287e63177e960304/amazon-appstore-sdk-3.0.5.jar: R8: Expected stack map table for method with non-linear control flow. In later version of R8, the method may be assumed not reachable.
WARNING: /Users/apple/.gradle/caches/modules-2/files-2.1/com.amazon.device/amazon-appstore-sdk/3.0.5/cb046867a6d127f404780c49287e63177e960304/amazon-appstore-sdk-3.0.5.jar: R8: Expected stack map table for method with non-linear control flow. In later version of R8, the method may be assumed not reachable.
WARNING: /Users/apple/.gradle/caches/modules-2/files-2.1/com.amazon.device/amazon-appstore-sdk/3.0.5/cb046867a6d127f404780c49287e63177e960304/amazon-appstore-sdk-3.0.5.jar: R8: Expected stack map table for method with non-linear control flow. In later version of R8, the method may be assumed not reachable.
WARNING: /Users/apple/.gradle/caches/modules-2/files-2.1/com.amazon.device/amazon-appstore-sdk/3.0.5/cb046867a6d127f404780c49287e63177e960304/amazon-appstore-sdk-3.0.5.jar: R8: Expected stack map table for method with non-linear control flow. In later version of R8, the method may be assumed not reachable.
WARNING: /Users/apple/.gradle/caches/modules-2/files-2.1/com.amazon.device/amazon-appstore-sdk/3.0.5/cb046867a6d127f404780c49287e63177e960304/amazon-appstore-sdk-3.0.5.jar: R8: Expected stack map table for method with non-linear control flow. In later version of R8, the method may be assumed not reachable.
WARNING: /Users/apple/.gradle/caches/modules-2/files-2.1/com.amazon.device/amazon-appstore-sdk/3.0.5/cb046867a6d127f404780c49287e63177e960304/amazon-appstore-sdk-3.0.5.jar: R8: Expected stack map table for method with non-linear control flow. In later version of R8, the method may be assumed not reachable.
WARNING: /Users/apple/.gradle/caches/modules-2/files-2.1/com.amazon.device/amazon-appstore-sdk/3.0.5/cb046867a6d127f404780c49287e63177e960304/amazon-appstore-sdk-3.0.5.jar: R8: Expected stack map table for method with non-linear control flow. In later version of R8, the method may be assumed not reachable.
WARNING: /Users/apple/.gradle/caches/modules-2/files-2.1/com.amazon.device/amazon-appstore-sdk/3.0.5/cb046867a6d127f404780c49287e63177e960304/amazon-appstore-sdk-3.0.5.jar: R8: Expected stack map table for method with non-linear control flow. In later version of R8, the method may be assumed not reachable.
WARNING: /Users/apple/.gradle/caches/modules-2/files-2.1/com.amazon.device/amazon-appstore-sdk/3.0.5/cb046867a6d127f404780c49287e63177e960304/amazon-appstore-sdk-3.0.5.jar: R8: Expected stack map table for method with non-linear control flow. In later version of R8, the method may be assumed not reachable.
WARNING: /Users/apple/.gradle/caches/modules-2/files-2.1/com.amazon.device/amazon-appstore-sdk/3.0.5/cb046867a6d127f404780c49287e63177e960304/amazon-appstore-sdk-3.0.5.jar: R8: Expected stack map table for method with non-linear control flow. In later version of R8, the method may be assumed not reachable.
WARNING: /Users/apple/.gradle/caches/modules-2/files-2.1/com.amazon.device/amazon-appstore-sdk/3.0.5/cb046867a6d127f404780c49287e63177e960304/amazon-appstore-sdk-3.0.5.jar: R8: Expected stack map table for method with non-linear control flow. In later version of R8, the method may be assumed not reachable.
WARNING: /Users/apple/.gradle/caches/modules-2/files-2.1/com.amazon.device/amazon-appstore-sdk/3.0.5/cb046867a6d127f404780c49287e63177e960304/amazon-appstore-sdk-3.0.5.jar: R8: Expected stack map table for method with non-linear control flow. In later version of R8, the method may be assumed not reachable.
WARNING: /Users/apple/.gradle/caches/modules-2/files-2.1/com.amazon.device/amazon-appstore-sdk/3.0.5/cb046867a6d127f404780c49287e63177e960304/amazon-appstore-sdk-3.0.5.jar: R8: Expected stack map table for method with non-linear control flow. In later version of R8, the method may be assumed not reachable.
WARNING: /Users/apple/.gradle/caches/modules-2/files-2.1/com.amazon.device/amazon-appstore-sdk/3.0.5/cb046867a6d127f404780c49287e63177e960304/amazon-appstore-sdk-3.0.5.jar: R8: Expected stack map table for method with non-linear control flow. In later version of R8, the method may be assumed not reachable.
WARNING: /Users/apple/.gradle/caches/modules-2/files-2.1/com.amazon.device/amazon-appstore-sdk/3.0.5/cb046867a6d127f404780c49287e63177e960304/amazon-appstore-sdk-3.0.5.jar: R8: Expected stack map table for method with non-linear control flow. In later version of R8, the method may be assumed not reachable.
WARNING: /Users/apple/.gradle/caches/modules-2/files-2.1/com.amazon.device/amazon-appstore-sdk/3.0.5/cb046867a6d127f404780c49287e63177e960304/amazon-appstore-sdk-3.0.5.jar: R8: Expected stack map table for method with non-linear control flow. In later version of R8, the method may be assumed not reachable.
WARNING: /Users/apple/.gradle/caches/modules-2/files-2.1/com.amazon.device/amazon-appstore-sdk/3.0.5/cb046867a6d127f404780c49287e63177e960304/amazon-appstore-sdk-3.0.5.jar: R8: Expected stack map table for method with non-linear control flow. In later version of R8, the method may be assumed not reachable.
WARNING: /Users/apple/.gradle/caches/modules-2/files-2.1/com.amazon.device/amazon-appstore-sdk/3.0.5/cb046867a6d127f404780c49287e63177e960304/amazon-appstore-sdk-3.0.5.jar: R8: Expected stack map table for method with non-linear control flow. In later version of R8, the method may be assumed not reachable.
WARNING: /Users/apple/.gradle/caches/modules-2/files-2.1/com.amazon.device/amazon-appstore-sdk/3.0.5/cb046867a6d127f404780c49287e63177e960304/amazon-appstore-sdk-3.0.5.jar: R8: Expected stack map table for method with non-linear control flow. In later version of R8, the method may be assumed not reachable.
WARNING: /Users/apple/.gradle/caches/modules-2/files-2.1/com.amazon.device/amazon-appstore-sdk/3.0.5/cb046867a6d127f404780c49287e63177e960304/amazon-appstore-sdk-3.0.5.jar: R8: Expected stack map table for method with non-linear control flow. In later version of R8, the method may be assumed not reachable.
WARNING: /Users/apple/.gradle/caches/modules-2/files-2.1/com.amazon.device/amazon-appstore-sdk/3.0.5/cb046867a6d127f404780c49287e63177e960304/amazon-appstore-sdk-3.0.5.jar: R8: Expected stack map table for method with non-linear control flow. In later version of R8, the method may be assumed not reachable.
WARNING: /Users/apple/.gradle/caches/modules-2/files-2.1/com.amazon.device/amazon-appstore-sdk/3.0.5/cb046867a6d127f404780c49287e63177e960304/amazon-appstore-sdk-3.0.5.jar: R8: Expected stack map table for method with non-linear control flow. In later version of R8, the method may be assumed not reachable.
WARNING: /Users/apple/.gradle/caches/modules-2/files-2.1/com.amazon.device/amazon-appstore-sdk/3.0.5/cb046867a6d127f404780c49287e63177e960304/amazon-appstore-sdk-3.0.5.jar: R8: Expected stack map table for method with non-linear control flow. In later version of R8, the method may be assumed not reachable.
WARNING: /Users/apple/.gradle/caches/modules-2/files-2.1/com.amazon.device/amazon-appstore-sdk/3.0.5/cb046867a6d127f404780c49287e63177e960304/amazon-appstore-sdk-3.0.5.jar: R8: Expected stack map table for method with non-linear control flow. In later version of R8, the method may be assumed not reachable.
WARNING: /Users/apple/.gradle/caches/modules-2/files-2.1/com.amazon.device/amazon-appstore-sdk/3.0.5/cb046867a6d127f404780c49287e63177e960304/amazon-appstore-sdk-3.0.5.jar: R8: Expected stack map table for method with non-linear control flow. In later version of R8, the method may be assumed not reachable.
WARNING: /Users/apple/.gradle/caches/modules-2/files-2.1/com.amazon.device/amazon-appstore-sdk/3.0.5/cb046867a6d127f404780c49287e63177e960304/amazon-appstore-sdk-3.0.5.jar: R8: Expected stack map table for method with non-linear control flow. In later version of R8, the method may be assumed not reachable.
WARNING: /Users/apple/.gradle/caches/modules-2/files-2.1/com.amazon.device/amazon-appstore-sdk/3.0.5/cb046867a6d127f404780c49287e63177e960304/amazon-appstore-sdk-3.0.5.jar: R8: Expected stack map table for method with non-linear control flow. In later version of R8, the method may be assumed not reachable.
WARNING: /Users/apple/.gradle/caches/modules-2/files-2.1/com.amazon.device/amazon-appstore-sdk/3.0.5/cb046867a6d127f404780c49287e63177e960304/amazon-appstore-sdk-3.0.5.jar: R8: Expected stack map table for method with non-linear control flow. In later version of R8, the method may be assumed not reachable.
WARNING: /Users/apple/.gradle/caches/modules-2/files-2.1/com.amazon.device/amazon-appstore-sdk/3.0.5/cb046867a6d127f404780c49287e63177e960304/amazon-appstore-sdk-3.0.5.jar: R8: Expected stack map table for method with non-linear control flow. In later version of R8, the method may be assumed not reachable.
WARNING: /Users/apple/.gradle/caches/modules-2/files-2.1/com.amazon.device/amazon-appstore-sdk/3.0.5/cb046867a6d127f404780c49287e63177e960304/amazon-appstore-sdk-3.0.5.jar: R8: Expected stack map table for method with non-linear control flow. In later version of R8, the method may be assumed not reachable.
WARNING: /Users/apple/.gradle/caches/modules-2/files-2.1/com.amazon.device/amazon-appstore-sdk/3.0.5/cb046867a6d127f404780c49287e63177e960304/amazon-appstore-sdk-3.0.5.jar: R8: Expected stack map table for method with non-linear control flow. In later version of R8, the method may be assumed not reachable.
WARNING: /Users/apple/.gradle/caches/modules-2/files-2.1/com.amazon.device/amazon-appstore-sdk/3.0.5/cb046867a6d127f404780c49287e63177e960304/amazon-appstore-sdk-3.0.5.jar: R8: Expected stack map table for method with non-linear control flow. In later version of R8, the method may be assumed not reachable.
WARNING: /Users/apple/.gradle/caches/modules-2/files-2.1/com.amazon.device/amazon-appstore-sdk/3.0.5/cb046867a6d127f404780c49287e63177e960304/amazon-appstore-sdk-3.0.5.jar: R8: Expected stack map table for method with non-linear control flow. In later version of R8, the method may be assumed not reachable.
WARNING: /Users/apple/.gradle/caches/modules-2/files-2.1/com.amazon.device/amazon-appstore-sdk/3.0.5/cb046867a6d127f404780c49287e63177e960304/amazon-appstore-sdk-3.0.5.jar: R8: Expected stack map table for method with non-linear control flow. In later version of R8, the method may be assumed not reachable.
WARNING: /Users/apple/.gradle/caches/modules-2/files-2.1/com.amazon.device/amazon-appstore-sdk/3.0.5/cb046867a6d127f404780c49287e63177e960304/amazon-appstore-sdk-3.0.5.jar: R8: Expected stack map table for method with non-linear control flow. In later version of R8, the method may be assumed not reachable.
WARNING: /Users/apple/.gradle/caches/modules-2/files-2.1/com.amazon.device/amazon-appstore-sdk/3.0.5/cb046867a6d127f404780c49287e63177e960304/amazon-appstore-sdk-3.0.5.jar: R8: Expected stack map table for method with non-linear control flow. In later version of R8, the method may be assumed not reachable.
WARNING: /Users/apple/.gradle/caches/modules-2/files-2.1/com.amazon.device/amazon-appstore-sdk/3.0.5/cb046867a6d127f404780c49287e63177e960304/amazon-appstore-sdk-3.0.5.jar: R8: Expected stack map table for method with non-linear control flow. In later version of R8, the method may be assumed not reachable.
WARNING: /Users/apple/.gradle/caches/modules-2/files-2.1/com.amazon.device/amazon-appstore-sdk/3.0.5/cb046867a6d127f404780c49287e63177e960304/amazon-appstore-sdk-3.0.5.jar: R8: Expected stack map table for method with non-linear control flow. In later version of R8, the method may be assumed not reachable.
WARNING: /Users/apple/.gradle/caches/modules-2/files-2.1/com.amazon.device/amazon-appstore-sdk/3.0.5/cb046867a6d127f404780c49287e63177e960304/amazon-appstore-sdk-3.0.5.jar: R8: Expected stack map table for method with non-linear control flow. In later version of R8, the method may be assumed not reachable.
WARNING: /Users/apple/.gradle/caches/modules-2/files-2.1/com.amazon.device/amazon-appstore-sdk/3.0.5/cb046867a6d127f404780c49287e63177e960304/amazon-appstore-sdk-3.0.5.jar: R8: Expected stack map table for method with non-linear control flow. In later version of R8, the method may be assumed not reachable.
WARNING: /Users/apple/.gradle/caches/modules-2/files-2.1/com.amazon.device/amazon-appstore-sdk/3.0.5/cb046867a6d127f404780c49287e63177e960304/amazon-appstore-sdk-3.0.5.jar: R8: Expected stack map table for method with non-linear control flow. In later version of R8, the method may be assumed not reachable.
WARNING: /Users/apple/.gradle/caches/modules-2/files-2.1/com.amazon.device/amazon-appstore-sdk/3.0.5/cb046867a6d127f404780c49287e63177e960304/amazon-appstore-sdk-3.0.5.jar: R8: Expected stack map table for method with non-linear control flow. In later version of R8, the method may be assumed not reachable.
WARNING: /Users/apple/.gradle/caches/modules-2/files-2.1/com.amazon.device/amazon-appstore-sdk/3.0.5/cb046867a6d127f404780c49287e63177e960304/amazon-appstore-sdk-3.0.5.jar: R8: Expected stack map table for method with non-linear control flow. In later version of R8, the method may be assumed not reachable.
WARNING: /Users/apple/.gradle/caches/modules-2/files-2.1/com.amazon.device/amazon-appstore-sdk/3.0.5/cb046867a6d127f404780c49287e63177e960304/amazon-appstore-sdk-3.0.5.jar: R8: Expected stack map table for method with non-linear control flow. In later version of R8, the method may be assumed not reachable.
WARNING: /Users/apple/.gradle/caches/modules-2/files-2.1/com.amazon.device/amazon-appstore-sdk/3.0.5/cb046867a6d127f404780c49287e63177e960304/amazon-appstore-sdk-3.0.5.jar: R8: Expected stack map table for method with non-linear control flow. In later version of R8, the method may be assumed not reachable.
WARNING: /Users/apple/.gradle/caches/modules-2/files-2.1/com.amazon.device/amazon-appstore-sdk/3.0.5/cb046867a6d127f404780c49287e63177e960304/amazon-appstore-sdk-3.0.5.jar: R8: Expected stack map table for method with non-linear control flow. In later version of R8, the method may be assumed not reachable.
WARNING: /Users/apple/.gradle/caches/modules-2/files-2.1/com.amazon.device/amazon-appstore-sdk/3.0.5/cb046867a6d127f404780c49287e63177e960304/amazon-appstore-sdk-3.0.5.jar: R8: Expected stack map table for method with non-linear control flow. In later version of R8, the method may be assumed not reachable.
WARNING: /Users/apple/.gradle/caches/modules-2/files-2.1/com.amazon.device/amazon-appstore-sdk/3.0.5/cb046867a6d127f404780c49287e63177e960304/amazon-appstore-sdk-3.0.5.jar: R8: Expected stack map table for method with non-linear control flow. In later version of R8, the method may be assumed not reachable.
WARNING: /Users/apple/.gradle/caches/modules-2/files-2.1/com.amazon.device/amazon-appstore-sdk/3.0.5/cb046867a6d127f404780c49287e63177e960304/amazon-appstore-sdk-3.0.5.jar: R8: Expected stack map table for method with non-linear control flow. In later version of R8, the method may be assumed not reachable.
WARNING: /Users/apple/.gradle/caches/modules-2/files-2.1/com.amazon.device/amazon-appstore-sdk/3.0.5/cb046867a6d127f404780c49287e63177e960304/amazon-appstore-sdk-3.0.5.jar: R8: Expected stack map table for method with non-linear control flow. In later version of R8, the method may be assumed not reachable.
WARNING: /Users/apple/.gradle/caches/modules-2/files-2.1/com.amazon.device/amazon-appstore-sdk/3.0.5/cb046867a6d127f404780c49287e63177e960304/amazon-appstore-sdk-3.0.5.jar: R8: Expected stack map table for method with non-linear control flow. In later version of R8, the method may be assumed not reachable.
WARNING: /Users/apple/.gradle/caches/modules-2/files-2.1/com.amazon.device/amazon-appstore-sdk/3.0.5/cb046867a6d127f404780c49287e63177e960304/amazon-appstore-sdk-3.0.5.jar: R8: Expected stack map table for method with non-linear control flow. In later version of R8, the method may be assumed not reachable.
WARNING: /Users/apple/.gradle/caches/modules-2/files-2.1/com.amazon.device/amazon-appstore-sdk/3.0.5/cb046867a6d127f404780c49287e63177e960304/amazon-appstore-sdk-3.0.5.jar: R8: Expected stack map table for method with non-linear control flow. In later version of R8, the method may be assumed not reachable.
WARNING: /Users/apple/.gradle/caches/modules-2/files-2.1/com.amazon.device/amazon-appstore-sdk/3.0.5/cb046867a6d127f404780c49287e63177e960304/amazon-appstore-sdk-3.0.5.jar: R8: Expected stack map table for method with non-linear control flow. In later version of R8, the method may be assumed not reachable.
WARNING: /Users/apple/.gradle/caches/modules-2/files-2.1/com.amazon.device/amazon-appstore-sdk/3.0.5/cb046867a6d127f404780c49287e63177e960304/amazon-appstore-sdk-3.0.5.jar: R8: Expected stack map table for method with non-linear control flow. In later version of R8, the method may be assumed not reachable.
WARNING: /Users/apple/.gradle/caches/modules-2/files-2.1/com.amazon.device/amazon-appstore-sdk/3.0.5/cb046867a6d127f404780c49287e63177e960304/amazon-appstore-sdk-3.0.5.jar: R8: Expected stack map table for method with non-linear control flow. In later version of R8, the method may be assumed not reachable.
WARNING: /Users/apple/.gradle/caches/modules-2/files-2.1/com.amazon.device/amazon-appstore-sdk/3.0.5/cb046867a6d127f404780c49287e63177e960304/amazon-appstore-sdk-3.0.5.jar: R8: Expected stack map table for method with non-linear control flow. In later version of R8, the method may be assumed not reachable.
WARNING: /Users/apple/.gradle/caches/modules-2/files-2.1/com.amazon.device/amazon-appstore-sdk/3.0.5/cb046867a6d127f404780c49287e63177e960304/amazon-appstore-sdk-3.0.5.jar: R8: Expected stack map table for method with non-linear control flow. In later version of R8, the method may be assumed not reachable.
WARNING: /Users/apple/.gradle/caches/modules-2/files-2.1/com.amazon.device/amazon-appstore-sdk/3.0.5/cb046867a6d127f404780c49287e63177e960304/amazon-appstore-sdk-3.0.5.jar: R8: Expected stack map table for method with non-linear control flow. In later version of R8, the method may be assumed not reachable.
WARNING: /Users/apple/.gradle/caches/modules-2/files-2.1/com.amazon.device/amazon-appstore-sdk/3.0.5/cb046867a6d127f404780c49287e63177e960304/amazon-appstore-sdk-3.0.5.jar: R8: Expected stack map table for method with non-linear control flow. In later version of R8, the method may be assumed not reachable.
WARNING: /Users/apple/.gradle/caches/modules-2/files-2.1/com.amazon.device/amazon-appstore-sdk/3.0.5/cb046867a6d127f404780c49287e63177e960304/amazon-appstore-sdk-3.0.5.jar: R8: Expected stack map table for method with non-linear control flow. In later version of R8, the method may be assumed not reachable.
WARNING: /Users/apple/.gradle/caches/modules-2/files-2.1/com.amazon.device/amazon-appstore-sdk/3.0.5/cb046867a6d127f404780c49287e63177e960304/amazon-appstore-sdk-3.0.5.jar: R8: Expected stack map table for method with non-linear control flow. In later version of R8, the method may be assumed not reachable.
WARNING: /Users/apple/.gradle/caches/modules-2/files-2.1/com.amazon.device/amazon-appstore-sdk/3.0.5/cb046867a6d127f404780c49287e63177e960304/amazon-appstore-sdk-3.0.5.jar: R8: Expected stack map table for method with non-linear control flow. In later version of R8, the method may be assumed not reachable.
WARNING: /Users/apple/.gradle/caches/modules-2/files-2.1/com.amazon.device/amazon-appstore-sdk/3.0.5/cb046867a6d127f404780c49287e63177e960304/amazon-appstore-sdk-3.0.5.jar: R8: Expected stack map table for method with non-linear control flow. In later version of R8, the method may be assumed not reachable.
WARNING: /Users/apple/.gradle/caches/modules-2/files-2.1/com.amazon.device/amazon-appstore-sdk/3.0.5/cb046867a6d127f404780c49287e63177e960304/amazon-appstore-sdk-3.0.5.jar: R8: Expected stack map table for method with non-linear control flow. In later version of R8, the method may be assumed not reachable.
WARNING: /Users/apple/.gradle/caches/modules-2/files-2.1/com.amazon.device/amazon-appstore-sdk/3.0.5/cb046867a6d127f404780c49287e63177e960304/amazon-appstore-sdk-3.0.5.jar: R8: Expected stack map table for method with non-linear control flow. In later version of R8, the method may be assumed not reachable.
WARNING: /Users/apple/.gradle/caches/modules-2/files-2.1/com.amazon.device/amazon-appstore-sdk/3.0.5/cb046867a6d127f404780c49287e63177e960304/amazon-appstore-sdk-3.0.5.jar: R8: Expected stack map table for method with non-linear control flow. In later version of R8, the method may be assumed not reachable.
WARNING: /Users/apple/.gradle/caches/modules-2/files-2.1/com.amazon.device/amazon-appstore-sdk/3.0.5/cb046867a6d127f404780c49287e63177e960304/amazon-appstore-sdk-3.0.5.jar: R8: Expected stack map table for method with non-linear control flow. In later version of R8, the method may be assumed not reachable.
WARNING: /Users/apple/.gradle/caches/modules-2/files-2.1/com.amazon.device/amazon-appstore-sdk/3.0.5/cb046867a6d127f404780c49287e63177e960304/amazon-appstore-sdk-3.0.5.jar: R8: Expected stack map table for method with non-linear control flow. In later version of R8, the method may be assumed not reachable.
WARNING: /Users/apple/.gradle/caches/modules-2/files-2.1/com.amazon.device/amazon-appstore-sdk/3.0.5/cb046867a6d127f404780c49287e63177e960304/amazon-appstore-sdk-3.0.5.jar: R8: Expected stack map table for method with non-linear control flow. In later version of R8, the method may be assumed not reachable.
WARNING: /Users/apple/.gradle/caches/modules-2/files-2.1/com.amazon.device/amazon-appstore-sdk/3.0.5/cb046867a6d127f404780c49287e63177e960304/amazon-appstore-sdk-3.0.5.jar: R8: Expected stack map table for method with non-linear control flow. In later version of R8, the method may be assumed not reachable.
WARNING: /Users/apple/.gradle/caches/modules-2/files-2.1/com.amazon.device/amazon-appstore-sdk/3.0.5/cb046867a6d127f404780c49287e63177e960304/amazon-appstore-sdk-3.0.5.jar: R8: Expected stack map table for method with non-linear control flow. In later version of R8, the method may be assumed not reachable.
WARNING: /Users/apple/.gradle/caches/modules-2/files-2.1/com.amazon.device/amazon-appstore-sdk/3.0.5/cb046867a6d127f404780c49287e63177e960304/amazon-appstore-sdk-3.0.5.jar: R8: Expected stack map table for method with non-linear control flow. In later version of R8, the method may be assumed not reachable.
WARNING: /Users/apple/.gradle/caches/modules-2/files-2.1/com.amazon.device/amazon-appstore-sdk/3.0.5/cb046867a6d127f404780c49287e63177e960304/amazon-appstore-sdk-3.0.5.jar: R8: Expected stack map table for method with non-linear control flow. In later version of R8, the method may be assumed not reachable.
WARNING: /Users/apple/.gradle/caches/modules-2/files-2.1/com.amazon.device/amazon-appstore-sdk/3.0.5/cb046867a6d127f404780c49287e63177e960304/amazon-appstore-sdk-3.0.5.jar: R8: Expected stack map table for method with non-linear control flow. In later version of R8, the method may be assumed not reachable.
WARNING: /Users/apple/.gradle/caches/modules-2/files-2.1/com.amazon.device/amazon-appstore-sdk/3.0.5/cb046867a6d127f404780c49287e63177e960304/amazon-appstore-sdk-3.0.5.jar: R8: Expected stack map table for method with non-linear control flow. In later version of R8, the method may be assumed not reachable.
WARNING: /Users/apple/.gradle/caches/modules-2/files-2.1/com.amazon.device/amazon-appstore-sdk/3.0.5/cb046867a6d127f404780c49287e63177e960304/amazon-appstore-sdk-3.0.5.jar: R8: Expected stack map table for method with non-linear control flow. In later version of R8, the method may be assumed not reachable.
WARNING: /Users/apple/.gradle/caches/modules-2/files-2.1/com.amazon.device/amazon-appstore-sdk/3.0.5/cb046867a6d127f404780c49287e63177e960304/amazon-appstore-sdk-3.0.5.jar: R8: Expected stack map table for method with non-linear control flow. In later version of R8, the method may be assumed not reachable.
WARNING: /Users/apple/.gradle/caches/modules-2/files-2.1/com.amazon.device/amazon-appstore-sdk/3.0.5/cb046867a6d127f404780c49287e63177e960304/amazon-appstore-sdk-3.0.5.jar: R8: Expected stack map table for method with non-linear control flow. In later version of R8, the method may be assumed not reachable.
WARNING: /Users/apple/.gradle/caches/modules-2/files-2.1/com.amazon.device/amazon-appstore-sdk/3.0.5/cb046867a6d127f404780c49287e63177e960304/amazon-appstore-sdk-3.0.5.jar: R8: Expected stack map table for method with non-linear control flow. In later version of R8, the method may be assumed not reachable.
WARNING: /Users/apple/.gradle/caches/modules-2/files-2.1/com.amazon.device/amazon-appstore-sdk/3.0.5/cb046867a6d127f404780c49287e63177e960304/amazon-appstore-sdk-3.0.5.jar: R8: Expected stack map table for method with non-linear control flow. In later version of R8, the method may be assumed not reachable.
WARNING: /Users/apple/.gradle/caches/modules-2/files-2.1/com.amazon.device/amazon-appstore-sdk/3.0.5/cb046867a6d127f404780c49287e63177e960304/amazon-appstore-sdk-3.0.5.jar: R8: Expected stack map table for method with non-linear control flow. In later version of R8, the method may be assumed not reachable.
WARNING: /Users/apple/.gradle/caches/modules-2/files-2.1/com.amazon.device/amazon-appstore-sdk/3.0.5/cb046867a6d127f404780c49287e63177e960304/amazon-appstore-sdk-3.0.5.jar: R8: Expected stack map table for method with non-linear control flow. In later version of R8, the method may be assumed not reachable.
WARNING: /Users/apple/.gradle/caches/modules-2/files-2.1/com.amazon.device/amazon-appstore-sdk/3.0.5/cb046867a6d127f404780c49287e63177e960304/amazon-appstore-sdk-3.0.5.jar: R8: Expected stack map table for method with non-linear control flow. In later version of R8, the method may be assumed not reachable.
WARNING: /Users/apple/.gradle/caches/modules-2/files-2.1/com.amazon.device/amazon-appstore-sdk/3.0.5/cb046867a6d127f404780c49287e63177e960304/amazon-appstore-sdk-3.0.5.jar: R8: Expected stack map table for method with non-linear control flow. In later version of R8, the method may be assumed not reachable.
WARNING: /Users/apple/.gradle/caches/modules-2/files-2.1/com.amazon.device/amazon-appstore-sdk/3.0.5/cb046867a6d127f404780c49287e63177e960304/amazon-appstore-sdk-3.0.5.jar: R8: Expected stack map table for method with non-linear control flow. In later version of R8, the method may be assumed not reachable.
WARNING: /Users/apple/.gradle/caches/modules-2/files-2.1/com.amazon.device/amazon-appstore-sdk/3.0.5/cb046867a6d127f404780c49287e63177e960304/amazon-appstore-sdk-3.0.5.jar: R8: Expected stack map table for method with non-linear control flow. In later version of R8, the method may be assumed not reachable.
WARNING: /Users/apple/.gradle/caches/modules-2/files-2.1/com.amazon.device/amazon-appstore-sdk/3.0.5/cb046867a6d127f404780c49287e63177e960304/amazon-appstore-sdk-3.0.5.jar: R8: Expected stack map table for method with non-linear control flow. In later version of R8, the method may be assumed not reachable.
WARNING: /Users/apple/.gradle/caches/modules-2/files-2.1/com.amazon.device/amazon-appstore-sdk/3.0.5/cb046867a6d127f404780c49287e63177e960304/amazon-appstore-sdk-3.0.5.jar: R8: Expected stack map table for method with non-linear control flow. In later version of R8, the method may be assumed not reachable.
WARNING: /Users/apple/.gradle/caches/modules-2/files-2.1/com.amazon.device/amazon-appstore-sdk/3.0.5/cb046867a6d127f404780c49287e63177e960304/amazon-appstore-sdk-3.0.5.jar: R8: Expected stack map table for method with non-linear control flow. In later version of R8, the method may be assumed not reachable.
WARNING: /Users/apple/.gradle/caches/modules-2/files-2.1/com.amazon.device/amazon-appstore-sdk/3.0.5/cb046867a6d127f404780c49287e63177e960304/amazon-appstore-sdk-3.0.5.jar: R8: Expected stack map table for method with non-linear control flow. In later version of R8, the method may be assumed not reachable.
WARNING: /Users/apple/.gradle/caches/modules-2/files-2.1/com.amazon.device/amazon-appstore-sdk/3.0.5/cb046867a6d127f404780c49287e63177e960304/amazon-appstore-sdk-3.0.5.jar: R8: Expected stack map table for method with non-linear control flow. In later version of R8, the method may be assumed not reachable.
WARNING: /Users/apple/.gradle/caches/modules-2/files-2.1/com.amazon.device/amazon-appstore-sdk/3.0.5/cb046867a6d127f404780c49287e63177e960304/amazon-appstore-sdk-3.0.5.jar: R8: Expected stack map table for method with non-linear control flow. In later version of R8, the method may be assumed not reachable.
WARNING: /Users/apple/.gradle/caches/modules-2/files-2.1/com.amazon.device/amazon-appstore-sdk/3.0.5/cb046867a6d127f404780c49287e63177e960304/amazon-appstore-sdk-3.0.5.jar: R8: Expected stack map table for method with non-linear control flow. In later version of R8, the method may be assumed not reachable.
WARNING: /Users/apple/.gradle/caches/modules-2/files-2.1/com.amazon.device/amazon-appstore-sdk/3.0.5/cb046867a6d127f404780c49287e63177e960304/amazon-appstore-sdk-3.0.5.jar: R8: Expected stack map table for method with non-linear control flow. In later version of R8, the method may be assumed not reachable.
WARNING: /Users/apple/.gradle/caches/modules-2/files-2.1/com.amazon.device/amazon-appstore-sdk/3.0.5/cb046867a6d127f404780c49287e63177e960304/amazon-appstore-sdk-3.0.5.jar: R8: Expected stack map table for method with non-linear control flow. In later version of R8, the method may be assumed not reachable.
WARNING: /Users/apple/.gradle/caches/modules-2/files-2.1/com.amazon.device/amazon-appstore-sdk/3.0.5/cb046867a6d127f404780c49287e63177e960304/amazon-appstore-sdk-3.0.5.jar: R8: Expected stack map table for method with non-linear control flow. In later version of R8, the method may be assumed not reachable.
WARNING: /Users/apple/.gradle/caches/modules-2/files-2.1/com.amazon.device/amazon-appstore-sdk/3.0.5/cb046867a6d127f404780c49287e63177e960304/amazon-appstore-sdk-3.0.5.jar: R8: Expected stack map table for method with non-linear control flow. In later version of R8, the method may be assumed not reachable.
WARNING: /Users/apple/.gradle/caches/modules-2/files-2.1/com.amazon.device/amazon-appstore-sdk/3.0.5/cb046867a6d127f404780c49287e63177e960304/amazon-appstore-sdk-3.0.5.jar: R8: Expected stack map table for method with non-linear control flow. In later version of R8, the method may be assumed not reachable.
WARNING: /Users/apple/.gradle/caches/modules-2/files-2.1/com.amazon.device/amazon-appstore-sdk/3.0.5/cb046867a6d127f404780c49287e63177e960304/amazon-appstore-sdk-3.0.5.jar: R8: Expected stack map table for method with non-linear control flow. In later version of R8, the method may be assumed not reachable.
WARNING: /Users/apple/.gradle/caches/modules-2/files-2.1/com.amazon.device/amazon-appstore-sdk/3.0.5/cb046867a6d127f404780c49287e63177e960304/amazon-appstore-sdk-3.0.5.jar: R8: Expected stack map table for method with non-linear control flow. In later version of R8, the method may be assumed not reachable.
WARNING: /Users/apple/.gradle/caches/modules-2/files-2.1/com.amazon.device/amazon-appstore-sdk/3.0.5/cb046867a6d127f404780c49287e63177e960304/amazon-appstore-sdk-3.0.5.jar: R8: Expected stack map table for method with non-linear control flow. In later version of R8, the method may be assumed not reachable.
WARNING: /Users/apple/.gradle/caches/modules-2/files-2.1/com.amazon.device/amazon-appstore-sdk/3.0.5/cb046867a6d127f404780c49287e63177e960304/amazon-appstore-sdk-3.0.5.jar: R8: Expected stack map table for method with non-linear control flow. In later version of R8, the method may be assumed not reachable.
WARNING: /Users/apple/.gradle/caches/modules-2/files-2.1/com.amazon.device/amazon-appstore-sdk/3.0.5/cb046867a6d127f404780c49287e63177e960304/amazon-appstore-sdk-3.0.5.jar: R8: Expected stack map table for method with non-linear control flow. In later version of R8, the method may be assumed not reachable.
WARNING: /Users/apple/.gradle/caches/modules-2/files-2.1/com.amazon.device/amazon-appstore-sdk/3.0.5/cb046867a6d127f404780c49287e63177e960304/amazon-appstore-sdk-3.0.5.jar: R8: Expected stack map table for method with non-linear control flow. In later version of R8, the method may be assumed not reachable.
WARNING: /Users/apple/.gradle/caches/modules-2/files-2.1/com.amazon.device/amazon-appstore-sdk/3.0.5/cb046867a6d127f404780c49287e63177e960304/amazon-appstore-sdk-3.0.5.jar: R8: Expected stack map table for method with non-linear control flow. In later version of R8, the method may be assumed not reachable.
WARNING: /Users/apple/.gradle/caches/modules-2/files-2.1/com.amazon.device/amazon-appstore-sdk/3.0.5/cb046867a6d127f404780c49287e63177e960304/amazon-appstore-sdk-3.0.5.jar: R8: Expected stack map table for method with non-linear control flow. In later version of R8, the method may be assumed not reachable.
WARNING: /Users/apple/.gradle/caches/modules-2/files-2.1/com.amazon.device/amazon-appstore-sdk/3.0.5/cb046867a6d127f404780c49287e63177e960304/amazon-appstore-sdk-3.0.5.jar: R8: Expected stack map table for method with non-linear control flow. In later version of R8, the method may be assumed not reachable.
WARNING: /Users/apple/.gradle/caches/modules-2/files-2.1/com.amazon.device/amazon-appstore-sdk/3.0.5/cb046867a6d127f404780c49287e63177e960304/amazon-appstore-sdk-3.0.5.jar: R8: Expected stack map table for method with non-linear control flow. In later version of R8, the method may be assumed not reachable.
WARNING: /Users/apple/.gradle/caches/modules-2/files-2.1/com.amazon.device/amazon-appstore-sdk/3.0.5/cb046867a6d127f404780c49287e63177e960304/amazon-appstore-sdk-3.0.5.jar: R8: Expected stack map table for method with non-linear control flow. In later version of R8, the method may be assumed not reachable.
WARNING: /Users/apple/.gradle/caches/modules-2/files-2.1/com.amazon.device/amazon-appstore-sdk/3.0.5/cb046867a6d127f404780c49287e63177e960304/amazon-appstore-sdk-3.0.5.jar: R8: Expected stack map table for method with non-linear control flow. In later version of R8, the method may be assumed not reachable.
WARNING: /Users/apple/.gradle/caches/modules-2/files-2.1/com.amazon.device/amazon-appstore-sdk/3.0.5/cb046867a6d127f404780c49287e63177e960304/amazon-appstore-sdk-3.0.5.jar: R8: Expected stack map table for method with non-linear control flow. In later version of R8, the method may be assumed not reachable.
WARNING: /Users/apple/.gradle/caches/modules-2/files-2.1/com.amazon.device/amazon-appstore-sdk/3.0.5/cb046867a6d127f404780c49287e63177e960304/amazon-appstore-sdk-3.0.5.jar: R8: Expected stack map table for method with non-linear control flow. In later version of R8, the method may be assumed not reachable.
WARNING: /Users/apple/.gradle/caches/modules-2/files-2.1/com.amazon.device/amazon-appstore-sdk/3.0.5/cb046867a6d127f404780c49287e63177e960304/amazon-appstore-sdk-3.0.5.jar: R8: Expected stack map table for method with non-linear control flow. In later version of R8, the method may be assumed not reachable.
WARNING: /Users/apple/.gradle/caches/modules-2/files-2.1/com.amazon.device/amazon-appstore-sdk/3.0.5/cb046867a6d127f404780c49287e63177e960304/amazon-appstore-sdk-3.0.5.jar: R8: Expected stack map table for method with non-linear control flow. In later version of R8, the method may be assumed not reachable.
WARNING: /Users/apple/.gradle/caches/modules-2/files-2.1/com.amazon.device/amazon-appstore-sdk/3.0.5/cb046867a6d127f404780c49287e63177e960304/amazon-appstore-sdk-3.0.5.jar: R8: Expected stack map table for method with non-linear control flow. In later version of R8, the method may be assumed not reachable.
WARNING: /Users/apple/.gradle/caches/modules-2/files-2.1/com.amazon.device/amazon-appstore-sdk/3.0.5/cb046867a6d127f404780c49287e63177e960304/amazon-appstore-sdk-3.0.5.jar: R8: Expected stack map table for method with non-linear control flow. In later version of R8, the method may be assumed not reachable.
WARNING: /Users/apple/.gradle/caches/modules-2/files-2.1/com.amazon.device/amazon-appstore-sdk/3.0.5/cb046867a6d127f404780c49287e63177e960304/amazon-appstore-sdk-3.0.5.jar: R8: Expected stack map table for method with non-linear control flow. In later version of R8, the method may be assumed not reachable.
WARNING: /Users/apple/.gradle/caches/modules-2/files-2.1/com.amazon.device/amazon-appstore-sdk/3.0.5/cb046867a6d127f404780c49287e63177e960304/amazon-appstore-sdk-3.0.5.jar: R8: Expected stack map table for method with non-linear control flow. In later version of R8, the method may be assumed not reachable.
WARNING: /Users/apple/.gradle/caches/modules-2/files-2.1/com.amazon.device/amazon-appstore-sdk/3.0.5/cb046867a6d127f404780c49287e63177e960304/amazon-appstore-sdk-3.0.5.jar: R8: Expected stack map table for method with non-linear control flow. In later version of R8, the method may be assumed not reachable.
WARNING: /Users/apple/.gradle/caches/modules-2/files-2.1/com.amazon.device/amazon-appstore-sdk/3.0.5/cb046867a6d127f404780c49287e63177e960304/amazon-appstore-sdk-3.0.5.jar: R8: Expected stack map table for method with non-linear control flow. In later version of R8, the method may be assumed not reachable.
WARNING: /Users/apple/.gradle/caches/modules-2/files-2.1/com.amazon.device/amazon-appstore-sdk/3.0.5/cb046867a6d127f404780c49287e63177e960304/amazon-appstore-sdk-3.0.5.jar: R8: Expected stack map table for method with non-linear control flow. In later version of R8, the method may be assumed not reachable.
WARNING: /Users/apple/.gradle/caches/modules-2/files-2.1/com.amazon.device/amazon-appstore-sdk/3.0.5/cb046867a6d127f404780c49287e63177e960304/amazon-appstore-sdk-3.0.5.jar: R8: Expected stack map table for method with non-linear control flow. In later version of R8, the method may be assumed not reachable.
WARNING: /Users/apple/.gradle/caches/modules-2/files-2.1/com.amazon.device/amazon-appstore-sdk/3.0.5/cb046867a6d127f404780c49287e63177e960304/amazon-appstore-sdk-3.0.5.jar: R8: Expected stack map table for method with non-linear control flow. In later version of R8, the method may be assumed not reachable.
WARNING: /Users/apple/.gradle/caches/modules-2/files-2.1/com.amazon.device/amazon-appstore-sdk/3.0.5/cb046867a6d127f404780c49287e63177e960304/amazon-appstore-sdk-3.0.5.jar: R8: Expected stack map table for method with non-linear control flow. In later version of R8, the method may be assumed not reachable.
WARNING: /Users/apple/.gradle/caches/modules-2/files-2.1/com.amazon.device/amazon-appstore-sdk/3.0.5/cb046867a6d127f404780c49287e63177e960304/amazon-appstore-sdk-3.0.5.jar: R8: Expected stack map table for method with non-linear control flow. In later version of R8, the method may be assumed not reachable.
WARNING: /Users/apple/.gradle/caches/modules-2/files-2.1/com.amazon.device/amazon-appstore-sdk/3.0.5/cb046867a6d127f404780c49287e63177e960304/amazon-appstore-sdk-3.0.5.jar: R8: Expected stack map table for method with non-linear control flow. In later version of R8, the method may be assumed not reachable.
WARNING: /Users/apple/.gradle/caches/modules-2/files-2.1/com.amazon.device/amazon-appstore-sdk/3.0.5/cb046867a6d127f404780c49287e63177e960304/amazon-appstore-sdk-3.0.5.jar: R8: Expected stack map table for method with non-linear control flow. In later version of R8, the method may be assumed not reachable.
WARNING: /Users/apple/.gradle/caches/modules-2/files-2.1/com.amazon.device/amazon-appstore-sdk/3.0.5/cb046867a6d127f404780c49287e63177e960304/amazon-appstore-sdk-3.0.5.jar: R8: Expected stack map table for method with non-linear control flow. In later version of R8, the method may be assumed not reachable.
WARNING: /Users/apple/.gradle/caches/modules-2/files-2.1/com.amazon.device/amazon-appstore-sdk/3.0.5/cb046867a6d127f404780c49287e63177e960304/amazon-appstore-sdk-3.0.5.jar: R8: Expected stack map table for method with non-linear control flow. In later version of R8, the method may be assumed not reachable.
WARNING: /Users/apple/.gradle/caches/modules-2/files-2.1/com.amazon.device/amazon-appstore-sdk/3.0.5/cb046867a6d127f404780c49287e63177e960304/amazon-appstore-sdk-3.0.5.jar: R8: Expected stack map table for method with non-linear control flow. In later version of R8, the method may be assumed not reachable.
WARNING: /Users/apple/.gradle/caches/modules-2/files-2.1/com.amazon.device/amazon-appstore-sdk/3.0.5/cb046867a6d127f404780c49287e63177e960304/amazon-appstore-sdk-3.0.5.jar: R8: Expected stack map table for method with non-linear control flow. In later version of R8, the method may be assumed not reachable.
WARNING: /Users/apple/.gradle/caches/modules-2/files-2.1/com.amazon.device/amazon-appstore-sdk/3.0.5/cb046867a6d127f404780c49287e63177e960304/amazon-appstore-sdk-3.0.5.jar: R8: Expected stack map table for method with non-linear control flow. In later version of R8, the method may be assumed not reachable.
WARNING: /Users/apple/.gradle/caches/modules-2/files-2.1/com.amazon.device/amazon-appstore-sdk/3.0.5/cb046867a6d127f404780c49287e63177e960304/amazon-appstore-sdk-3.0.5.jar: R8: Expected stack map table for method with non-linear control flow. In later version of R8, the method may be assumed not reachable.
WARNING: /Users/apple/.gradle/caches/modules-2/files-2.1/com.amazon.device/amazon-appstore-sdk/3.0.5/cb046867a6d127f404780c49287e63177e960304/amazon-appstore-sdk-3.0.5.jar: R8: Expected stack map table for method with non-linear control flow. In later version of R8, the method may be assumed not reachable.
WARNING: /Users/apple/.gradle/caches/modules-2/files-2.1/com.amazon.device/amazon-appstore-sdk/3.0.5/cb046867a6d127f404780c49287e63177e960304/amazon-appstore-sdk-3.0.5.jar: R8: Expected stack map table for method with non-linear control flow. In later version of R8, the method may be assumed not reachable.
WARNING: /Users/apple/.gradle/caches/modules-2/files-2.1/com.amazon.device/amazon-appstore-sdk/3.0.5/cb046867a6d127f404780c49287e63177e960304/amazon-appstore-sdk-3.0.5.jar: R8: Expected stack map table for method with non-linear control flow. In later version of R8, the method may be assumed not reachable.
WARNING: /Users/apple/.gradle/caches/modules-2/files-2.1/com.amazon.device/amazon-appstore-sdk/3.0.5/cb046867a6d127f404780c49287e63177e960304/amazon-appstore-sdk-3.0.5.jar: R8: Expected stack map table for method with non-linear control flow. In later version of R8, the method may be assumed not reachable.
WARNING: /Users/apple/.gradle/caches/modules-2/files-2.1/com.amazon.device/amazon-appstore-sdk/3.0.5/cb046867a6d127f404780c49287e63177e960304/amazon-appstore-sdk-3.0.5.jar: R8: Expected stack map table for method with non-linear control flow. In later version of R8, the method may be assumed not reachable.
WARNING: /Users/apple/.gradle/caches/modules-2/files-2.1/com.amazon.device/amazon-appstore-sdk/3.0.5/cb046867a6d127f404780c49287e63177e960304/amazon-appstore-sdk-3.0.5.jar: R8: Expected stack map table for method with non-linear control flow. In later version of R8, the method may be assumed not reachable.
WARNING: /Users/apple/.gradle/caches/modules-2/files-2.1/com.amazon.device/amazon-appstore-sdk/3.0.5/cb046867a6d127f404780c49287e63177e960304/amazon-appstore-sdk-3.0.5.jar: R8: Expected stack map table for method with non-linear control flow. In later version of R8, the method may be assumed not reachable.
WARNING: /Users/apple/.gradle/caches/modules-2/files-2.1/com.amazon.device/amazon-appstore-sdk/3.0.5/cb046867a6d127f404780c49287e63177e960304/amazon-appstore-sdk-3.0.5.jar: R8: Expected stack map table for method with non-linear control flow. In later version of R8, the method may be assumed not reachable.
WARNING: /Users/apple/.gradle/caches/modules-2/files-2.1/com.amazon.device/amazon-appstore-sdk/3.0.5/cb046867a6d127f404780c49287e63177e960304/amazon-appstore-sdk-3.0.5.jar: R8: Expected stack map table for method with non-linear control flow. In later version of R8, the method may be assumed not reachable.
WARNING: /Users/apple/.gradle/caches/modules-2/files-2.1/com.amazon.device/amazon-appstore-sdk/3.0.5/cb046867a6d127f404780c49287e63177e960304/amazon-appstore-sdk-3.0.5.jar: R8: Expected stack map table for method with non-linear control flow. In later version of R8, the method may be assumed not reachable.
WARNING: /Users/apple/.gradle/caches/modules-2/files-2.1/com.amazon.device/amazon-appstore-sdk/3.0.5/cb046867a6d127f404780c49287e63177e960304/amazon-appstore-sdk-3.0.5.jar: R8: Expected stack map table for method with non-linear control flow. In later version of R8, the method may be assumed not reachable.
WARNING: /Users/apple/.gradle/caches/modules-2/files-2.1/com.amazon.device/amazon-appstore-sdk/3.0.5/cb046867a6d127f404780c49287e63177e960304/amazon-appstore-sdk-3.0.5.jar: R8: Expected stack map table for method with non-linear control flow. In later version of R8, the method may be assumed not reachable.
WARNING: /Users/apple/.gradle/caches/modules-2/files-2.1/com.amazon.device/amazon-appstore-sdk/3.0.5/cb046867a6d127f404780c49287e63177e960304/amazon-appstore-sdk-3.0.5.jar: R8: Expected stack map table for method with non-linear control flow. In later version of R8, the method may be assumed not reachable.
WARNING: /Users/apple/.gradle/caches/modules-2/files-2.1/com.amazon.device/amazon-appstore-sdk/3.0.5/cb046867a6d127f404780c49287e63177e960304/amazon-appstore-sdk-3.0.5.jar: R8: Expected stack map table for method with non-linear control flow. In later version of R8, the method may be assumed not reachable.
WARNING: /Users/apple/.gradle/caches/modules-2/files-2.1/com.amazon.device/amazon-appstore-sdk/3.0.5/cb046867a6d127f404780c49287e63177e960304/amazon-appstore-sdk-3.0.5.jar: R8: Expected stack map table for method with non-linear control flow. In later version of R8, the method may be assumed not reachable.
WARNING: /Users/apple/.gradle/caches/modules-2/files-2.1/com.amazon.device/amazon-appstore-sdk/3.0.5/cb046867a6d127f404780c49287e63177e960304/amazon-appstore-sdk-3.0.5.jar: R8: Expected stack map table for method with non-linear control flow. In later version of R8, the method may be assumed not reachable.
WARNING: /Users/apple/.gradle/caches/modules-2/files-2.1/com.amazon.device/amazon-appstore-sdk/3.0.5/cb046867a6d127f404780c49287e63177e960304/amazon-appstore-sdk-3.0.5.jar: R8: Expected stack map table for method with non-linear control flow. In later version of R8, the method may be assumed not reachable.
WARNING: /Users/apple/.gradle/caches/modules-2/files-2.1/com.amazon.device/amazon-appstore-sdk/3.0.5/cb046867a6d127f404780c49287e63177e960304/amazon-appstore-sdk-3.0.5.jar: R8: Expected stack map table for method with non-linear control flow. In later version of R8, the method may be assumed not reachable.
WARNING: /Users/apple/.gradle/caches/modules-2/files-2.1/com.amazon.device/amazon-appstore-sdk/3.0.5/cb046867a6d127f404780c49287e63177e960304/amazon-appstore-sdk-3.0.5.jar: R8: Expected stack map table for method with non-linear control flow. In later version of R8, the method may be assumed not reachable.
WARNING: /Users/apple/.gradle/caches/modules-2/files-2.1/com.amazon.device/amazon-appstore-sdk/3.0.5/cb046867a6d127f404780c49287e63177e960304/amazon-appstore-sdk-3.0.5.jar: R8: Expected stack map table for method with non-linear control flow. In later version of R8, the method may be assumed not reachable.
WARNING: /Users/apple/.gradle/caches/modules-2/files-2.1/com.amazon.device/amazon-appstore-sdk/3.0.5/cb046867a6d127f404780c49287e63177e960304/amazon-appstore-sdk-3.0.5.jar: R8: Expected stack map table for method with non-linear control flow. In later version of R8, the method may be assumed not reachable.
WARNING: /Users/apple/.gradle/caches/modules-2/files-2.1/com.amazon.device/amazon-appstore-sdk/3.0.5/cb046867a6d127f404780c49287e63177e960304/amazon-appstore-sdk-3.0.5.jar: R8: Expected stack map table for method with non-linear control flow. In later version of R8, the method may be assumed not reachable.
WARNING: /Users/apple/.gradle/caches/modules-2/files-2.1/com.amazon.device/amazon-appstore-sdk/3.0.5/cb046867a6d127f404780c49287e63177e960304/amazon-appstore-sdk-3.0.5.jar: R8: Expected stack map table for method with non-linear control flow. In later version of R8, the method may be assumed not reachable.
WARNING: /Users/apple/.gradle/caches/modules-2/files-2.1/com.amazon.device/amazon-appstore-sdk/3.0.5/cb046867a6d127f404780c49287e63177e960304/amazon-appstore-sdk-3.0.5.jar: R8: Expected stack map table for method with non-linear control flow. In later version of R8, the method may be assumed not reachable.
WARNING: /Users/apple/.gradle/caches/modules-2/files-2.1/com.amazon.device/amazon-appstore-sdk/3.0.5/cb046867a6d127f404780c49287e63177e960304/amazon-appstore-sdk-3.0.5.jar: R8: Expected stack map table for method with non-linear control flow. In later version of R8, the method may be assumed not reachable.
WARNING: /Users/apple/.gradle/caches/modules-2/files-2.1/com.amazon.device/amazon-appstore-sdk/3.0.5/cb046867a6d127f404780c49287e63177e960304/amazon-appstore-sdk-3.0.5.jar: R8: Expected stack map table for method with non-linear control flow. In later version of R8, the method may be assumed not reachable.
WARNING: /Users/apple/.gradle/caches/modules-2/files-2.1/com.amazon.device/amazon-appstore-sdk/3.0.5/cb046867a6d127f404780c49287e63177e960304/amazon-appstore-sdk-3.0.5.jar: R8: Expected stack map table for method with non-linear control flow. In later version of R8, the method may be assumed not reachable.
WARNING: /Users/apple/.gradle/caches/modules-2/files-2.1/com.amazon.device/amazon-appstore-sdk/3.0.5/cb046867a6d127f404780c49287e63177e960304/amazon-appstore-sdk-3.0.5.jar: R8: Expected stack map table for method with non-linear control flow. In later version of R8, the method may be assumed not reachable.
WARNING: /Users/apple/.gradle/caches/modules-2/files-2.1/com.amazon.device/amazon-appstore-sdk/3.0.5/cb046867a6d127f404780c49287e63177e960304/amazon-appstore-sdk-3.0.5.jar: R8: Expected stack map table for method with non-linear control flow. In later version of R8, the method may be assumed not reachable.
WARNING: /Users/apple/.gradle/caches/modules-2/files-2.1/com.amazon.device/amazon-appstore-sdk/3.0.5/cb046867a6d127f404780c49287e63177e960304/amazon-appstore-sdk-3.0.5.jar: R8: Expected stack map table for method with non-linear control flow. In later version of R8, the method may be assumed not reachable.
WARNING: /Users/apple/.gradle/caches/modules-2/files-2.1/com.amazon.device/amazon-appstore-sdk/3.0.5/cb046867a6d127f404780c49287e63177e960304/amazon-appstore-sdk-3.0.5.jar: R8: Expected stack map table for method with non-linear control flow. In later version of R8, the method may be assumed not reachable.
WARNING: /Users/apple/.gradle/caches/modules-2/files-2.1/com.amazon.device/amazon-appstore-sdk/3.0.5/cb046867a6d127f404780c49287e63177e960304/amazon-appstore-sdk-3.0.5.jar: R8: Expected stack map table for method with non-linear control flow. In later version of R8, the method may be assumed not reachable.
WARNING: /Users/apple/.gradle/caches/modules-2/files-2.1/com.amazon.device/amazon-appstore-sdk/3.0.5/cb046867a6d127f404780c49287e63177e960304/amazon-appstore-sdk-3.0.5.jar: R8: Expected stack map table for method with non-linear control flow. In later version of R8, the method may be assumed not reachable.
WARNING: /Users/apple/.gradle/caches/modules-2/files-2.1/com.amazon.device/amazon-appstore-sdk/3.0.5/cb046867a6d127f404780c49287e63177e960304/amazon-appstore-sdk-3.0.5.jar: R8: Expected stack map table for method with non-linear control flow. In later version of R8, the method may be assumed not reachable.
WARNING: /Users/apple/.gradle/caches/modules-2/files-2.1/com.amazon.device/amazon-appstore-sdk/3.0.5/cb046867a6d127f404780c49287e63177e960304/amazon-appstore-sdk-3.0.5.jar: R8: Expected stack map table for method with non-linear control flow. In later version of R8, the method may be assumed not reachable.
WARNING: /Users/apple/.gradle/caches/modules-2/files-2.1/com.amazon.device/amazon-appstore-sdk/3.0.5/cb046867a6d127f404780c49287e63177e960304/amazon-appstore-sdk-3.0.5.jar: R8: Expected stack map table for method with non-linear control flow. In later version of R8, the method may be assumed not reachable.
WARNING: /Users/apple/.gradle/caches/modules-2/files-2.1/com.amazon.device/amazon-appstore-sdk/3.0.5/cb046867a6d127f404780c49287e63177e960304/amazon-appstore-sdk-3.0.5.jar: R8: Expected stack map table for method with non-linear control flow. In later version of R8, the method may be assumed not reachable.
WARNING: /Users/apple/.gradle/caches/modules-2/files-2.1/com.amazon.device/amazon-appstore-sdk/3.0.5/cb046867a6d127f404780c49287e63177e960304/amazon-appstore-sdk-3.0.5.jar: R8: Expected stack map table for method with non-linear control flow. In later version of R8, the method may be assumed not reachable.
WARNING: /Users/apple/.gradle/caches/modules-2/files-2.1/com.amazon.device/amazon-appstore-sdk/3.0.5/cb046867a6d127f404780c49287e63177e960304/amazon-appstore-sdk-3.0.5.jar: R8: Expected stack map table for method with non-linear control flow. In later version of R8, the method may be assumed not reachable.
WARNING: /Users/apple/.gradle/caches/modules-2/files-2.1/com.amazon.device/amazon-appstore-sdk/3.0.5/cb046867a6d127f404780c49287e63177e960304/amazon-appstore-sdk-3.0.5.jar: R8: Expected stack map table for method with non-linear control flow. In later version of R8, the method may be assumed not reachable.
WARNING: /Users/apple/.gradle/caches/modules-2/files-2.1/com.amazon.device/amazon-appstore-sdk/3.0.5/cb046867a6d127f404780c49287e63177e960304/amazon-appstore-sdk-3.0.5.jar: R8: Expected stack map table for method with non-linear control flow. In later version of R8, the method may be assumed not reachable.
WARNING: /Users/apple/.gradle/caches/modules-2/files-2.1/com.amazon.device/amazon-appstore-sdk/3.0.5/cb046867a6d127f404780c49287e63177e960304/amazon-appstore-sdk-3.0.5.jar: R8: Expected stack map table for method with non-linear control flow. In later version of R8, the method may be assumed not reachable.
WARNING: /Users/apple/.gradle/caches/modules-2/files-2.1/com.amazon.device/amazon-appstore-sdk/3.0.5/cb046867a6d127f404780c49287e63177e960304/amazon-appstore-sdk-3.0.5.jar: R8: Expected stack map table for method with non-linear control flow. In later version of R8, the method may be assumed not reachable.
WARNING: /Users/apple/.gradle/caches/modules-2/files-2.1/com.amazon.device/amazon-appstore-sdk/3.0.5/cb046867a6d127f404780c49287e63177e960304/amazon-appstore-sdk-3.0.5.jar: R8: Expected stack map table for method with non-linear control flow. In later version of R8, the method may be assumed not reachable.
WARNING: /Users/apple/.gradle/caches/modules-2/files-2.1/com.amazon.device/amazon-appstore-sdk/3.0.5/cb046867a6d127f404780c49287e63177e960304/amazon-appstore-sdk-3.0.5.jar: R8: Expected stack map table for method with non-linear control flow. In later version of R8, the method may be assumed not reachable.
WARNING: /Users/apple/.gradle/caches/modules-2/files-2.1/com.amazon.device/amazon-appstore-sdk/3.0.5/cb046867a6d127f404780c49287e63177e960304/amazon-appstore-sdk-3.0.5.jar: R8: Expected stack map table for method with non-linear control flow. In later version of R8, the method may be assumed not reachable.
WARNING: /Users/apple/.gradle/caches/modules-2/files-2.1/com.amazon.device/amazon-appstore-sdk/3.0.5/cb046867a6d127f404780c49287e63177e960304/amazon-appstore-sdk-3.0.5.jar: R8: Expected stack map table for method with non-linear control flow. In later version of R8, the method may be assumed not reachable.
WARNING: /Users/apple/.gradle/caches/modules-2/files-2.1/com.amazon.device/amazon-appstore-sdk/3.0.5/cb046867a6d127f404780c49287e63177e960304/amazon-appstore-sdk-3.0.5.jar: R8: Expected stack map table for method with non-linear control flow. In later version of R8, the method may be assumed not reachable.
WARNING: /Users/apple/.gradle/caches/modules-2/files-2.1/com.amazon.device/amazon-appstore-sdk/3.0.5/cb046867a6d127f404780c49287e63177e960304/amazon-appstore-sdk-3.0.5.jar: R8: Expected stack map table for method with non-linear control flow. In later version of R8, the method may be assumed not reachable.
WARNING: /Users/apple/.gradle/caches/modules-2/files-2.1/com.amazon.device/amazon-appstore-sdk/3.0.5/cb046867a6d127f404780c49287e63177e960304/amazon-appstore-sdk-3.0.5.jar: R8: Expected stack map table for method with non-linear control flow. In later version of R8, the method may be assumed not reachable.
WARNING: /Users/apple/.gradle/caches/modules-2/files-2.1/com.amazon.device/amazon-appstore-sdk/3.0.5/cb046867a6d127f404780c49287e63177e960304/amazon-appstore-sdk-3.0.5.jar: R8: Expected stack map table for method with non-linear control flow. In later version of R8, the method may be assumed not reachable.
WARNING: /Users/apple/.gradle/caches/modules-2/files-2.1/com.amazon.device/amazon-appstore-sdk/3.0.5/cb046867a6d127f404780c49287e63177e960304/amazon-appstore-sdk-3.0.5.jar: R8: Expected stack map table for method with non-linear control flow. In later version of R8, the method may be assumed not reachable.
WARNING: /Users/apple/.gradle/caches/modules-2/files-2.1/com.amazon.device/amazon-appstore-sdk/3.0.5/cb046867a6d127f404780c49287e63177e960304/amazon-appstore-sdk-3.0.5.jar: R8: Expected stack map table for method with non-linear control flow. In later version of R8, the method may be assumed not reachable.
WARNING: /Users/apple/.gradle/caches/modules-2/files-2.1/com.amazon.device/amazon-appstore-sdk/3.0.5/cb046867a6d127f404780c49287e63177e960304/amazon-appstore-sdk-3.0.5.jar: R8: Expected stack map table for method with non-linear control flow. In later version of R8, the method may be assumed not reachable.
WARNING: /Users/apple/.gradle/caches/modules-2/files-2.1/com.amazon.device/amazon-appstore-sdk/3.0.5/cb046867a6d127f404780c49287e63177e960304/amazon-appstore-sdk-3.0.5.jar: R8: Expected stack map table for method with non-linear control flow. In later version of R8, the method may be assumed not reachable.
WARNING: /Users/apple/.gradle/caches/modules-2/files-2.1/com.amazon.device/amazon-appstore-sdk/3.0.5/cb046867a6d127f404780c49287e63177e960304/amazon-appstore-sdk-3.0.5.jar: R8: Expected stack map table for method with non-linear control flow. In later version of R8, the method may be assumed not reachable.
WARNING: /Users/apple/.gradle/caches/modules-2/files-2.1/com.amazon.device/amazon-appstore-sdk/3.0.5/cb046867a6d127f404780c49287e63177e960304/amazon-appstore-sdk-3.0.5.jar: R8: Expected stack map table for method with non-linear control flow. In later version of R8, the method may be assumed not reachable.
WARNING: /Users/apple/.gradle/caches/modules-2/files-2.1/com.amazon.device/amazon-appstore-sdk/3.0.5/cb046867a6d127f404780c49287e63177e960304/amazon-appstore-sdk-3.0.5.jar: R8: Expected stack map table for method with non-linear control flow. In later version of R8, the method may be assumed not reachable.
WARNING: /Users/apple/.gradle/caches/modules-2/files-2.1/com.amazon.device/amazon-appstore-sdk/3.0.5/cb046867a6d127f404780c49287e63177e960304/amazon-appstore-sdk-3.0.5.jar: R8: Expected stack map table for method with non-linear control flow. In later version of R8, the method may be assumed not reachable.
WARNING: /Users/apple/.gradle/caches/modules-2/files-2.1/com.amazon.device/amazon-appstore-sdk/3.0.5/cb046867a6d127f404780c49287e63177e960304/amazon-appstore-sdk-3.0.5.jar: R8: Expected stack map table for method with non-linear control flow. In later version of R8, the method may be assumed not reachable.
WARNING: /Users/apple/.gradle/caches/modules-2/files-2.1/com.amazon.device/amazon-appstore-sdk/3.0.5/cb046867a6d127f404780c49287e63177e960304/amazon-appstore-sdk-3.0.5.jar: R8: Expected stack map table for method with non-linear control flow. In later version of R8, the method may be assumed not reachable.
WARNING: /Users/apple/.gradle/caches/modules-2/files-2.1/com.amazon.device/amazon-appstore-sdk/3.0.5/cb046867a6d127f404780c49287e63177e960304/amazon-appstore-sdk-3.0.5.jar: R8: Expected stack map table for method with non-linear control flow. In later version of R8, the method may be assumed not reachable.
WARNING: /Users/apple/.gradle/caches/modules-2/files-2.1/com.amazon.device/amazon-appstore-sdk/3.0.5/cb046867a6d127f404780c49287e63177e960304/amazon-appstore-sdk-3.0.5.jar: R8: Expected stack map table for method with non-linear control flow. In later version of R8, the method may be assumed not reachable.
WARNING: /Users/apple/.gradle/caches/modules-2/files-2.1/com.amazon.device/amazon-appstore-sdk/3.0.5/cb046867a6d127f404780c49287e63177e960304/amazon-appstore-sdk-3.0.5.jar: R8: Expected stack map table for method with non-linear control flow. In later version of R8, the method may be assumed not reachable.
WARNING: /Users/apple/.gradle/caches/modules-2/files-2.1/com.amazon.device/amazon-appstore-sdk/3.0.5/cb046867a6d127f404780c49287e63177e960304/amazon-appstore-sdk-3.0.5.jar: R8: Expected stack map table for method with non-linear control flow. In later version of R8, the method may be assumed not reachable.
WARNING: /Users/apple/.gradle/caches/modules-2/files-2.1/com.amazon.device/amazon-appstore-sdk/3.0.5/cb046867a6d127f404780c49287e63177e960304/amazon-appstore-sdk-3.0.5.jar: R8: Expected stack map table for method with non-linear control flow. In later version of R8, the method may be assumed not reachable.
WARNING: /Users/apple/.gradle/caches/modules-2/files-2.1/com.amazon.device/amazon-appstore-sdk/3.0.5/cb046867a6d127f404780c49287e63177e960304/amazon-appstore-sdk-3.0.5.jar: R8: Expected stack map table for method with non-linear control flow. In later version of R8, the method may be assumed not reachable.
WARNING: /Users/apple/.gradle/caches/modules-2/files-2.1/com.amazon.device/amazon-appstore-sdk/3.0.5/cb046867a6d127f404780c49287e63177e960304/amazon-appstore-sdk-3.0.5.jar: R8: Expected stack map table for method with non-linear control flow. In later version of R8, the method may be assumed not reachable.
WARNING: /Users/apple/.gradle/caches/modules-2/files-2.1/com.amazon.device/amazon-appstore-sdk/3.0.5/cb046867a6d127f404780c49287e63177e960304/amazon-appstore-sdk-3.0.5.jar: R8: Expected stack map table for method with non-linear control flow. In later version of R8, the method may be assumed not reachable.
WARNING: /Users/apple/.gradle/caches/modules-2/files-2.1/com.amazon.device/amazon-appstore-sdk/3.0.5/cb046867a6d127f404780c49287e63177e960304/amazon-appstore-sdk-3.0.5.jar: R8: Expected stack map table for method with non-linear control flow. In later version of R8, the method may be assumed not reachable.
WARNING: /Users/apple/.gradle/caches/modules-2/files-2.1/com.amazon.device/amazon-appstore-sdk/3.0.5/cb046867a6d127f404780c49287e63177e960304/amazon-appstore-sdk-3.0.5.jar: R8: Expected stack map table for method with non-linear control flow. In later version of R8, the method may be assumed not reachable.
WARNING: /Users/apple/.gradle/caches/modules-2/files-2.1/com.amazon.device/amazon-appstore-sdk/3.0.5/cb046867a6d127f404780c49287e63177e960304/amazon-appstore-sdk-3.0.5.jar: R8: Expected stack map table for method with non-linear control flow. In later version of R8, the method may be assumed not reachable.
WARNING: /Users/apple/.gradle/caches/modules-2/files-2.1/com.amazon.device/amazon-appstore-sdk/3.0.5/cb046867a6d127f404780c49287e63177e960304/amazon-appstore-sdk-3.0.5.jar: R8: Expected stack map table for method with non-linear control flow. In later version of R8, the method may be assumed not reachable.
WARNING: /Users/apple/.gradle/caches/modules-2/files-2.1/com.amazon.device/amazon-appstore-sdk/3.0.5/cb046867a6d127f404780c49287e63177e960304/amazon-appstore-sdk-3.0.5.jar: R8: Expected stack map table for method with non-linear control flow. In later version of R8, the method may be assumed not reachable.
WARNING: /Users/apple/.gradle/caches/modules-2/files-2.1/com.amazon.device/amazon-appstore-sdk/3.0.5/cb046867a6d127f404780c49287e63177e960304/amazon-appstore-sdk-3.0.5.jar: R8: Expected stack map table for method with non-linear control flow. In later version of R8, the method may be assumed not reachable.
WARNING: /Users/apple/.gradle/caches/modules-2/files-2.1/com.amazon.device/amazon-appstore-sdk/3.0.5/cb046867a6d127f404780c49287e63177e960304/amazon-appstore-sdk-3.0.5.jar: R8: Expected stack map table for method with non-linear control flow. In later version of R8, the method may be assumed not reachable.
WARNING: /Users/apple/.gradle/caches/modules-2/files-2.1/com.amazon.device/amazon-appstore-sdk/3.0.5/cb046867a6d127f404780c49287e63177e960304/amazon-appstore-sdk-3.0.5.jar: R8: Expected stack map table for method with non-linear control flow. In later version of R8, the method may be assumed not reachable.
WARNING: /Users/apple/.gradle/caches/modules-2/files-2.1/com.amazon.device/amazon-appstore-sdk/3.0.5/cb046867a6d127f404780c49287e63177e960304/amazon-appstore-sdk-3.0.5.jar: R8: Expected stack map table for method with non-linear control flow. In later version of R8, the method may be assumed not reachable.
WARNING: /Users/apple/.gradle/caches/modules-2/files-2.1/com.amazon.device/amazon-appstore-sdk/3.0.5/cb046867a6d127f404780c49287e63177e960304/amazon-appstore-sdk-3.0.5.jar: R8: Expected stack map table for method with non-linear control flow. In later version of R8, the method may be assumed not reachable.
WARNING: /Users/apple/.gradle/caches/modules-2/files-2.1/com.amazon.device/amazon-appstore-sdk/3.0.5/cb046867a6d127f404780c49287e63177e960304/amazon-appstore-sdk-3.0.5.jar: R8: Expected stack map table for method with non-linear control flow. In later version of R8, the method may be assumed not reachable.
WARNING: /Users/apple/.gradle/caches/modules-2/files-2.1/com.amazon.device/amazon-appstore-sdk/3.0.5/cb046867a6d127f404780c49287e63177e960304/amazon-appstore-sdk-3.0.5.jar: R8: Expected stack map table for method with non-linear control flow. In later version of R8, the method may be assumed not reachable.
WARNING: /Users/apple/.gradle/caches/modules-2/files-2.1/com.amazon.device/amazon-appstore-sdk/3.0.5/cb046867a6d127f404780c49287e63177e960304/amazon-appstore-sdk-3.0.5.jar: R8: Expected stack map table for method with non-linear control flow. In later version of R8, the method may be assumed not reachable.
WARNING: /Users/apple/.gradle/caches/modules-2/files-2.1/com.amazon.device/amazon-appstore-sdk/3.0.5/cb046867a6d127f404780c49287e63177e960304/amazon-appstore-sdk-3.0.5.jar: R8: Expected stack map table for method with non-linear control flow. In later version of R8, the method may be assumed not reachable.
WARNING: /Users/apple/.gradle/caches/modules-2/files-2.1/com.amazon.device/amazon-appstore-sdk/3.0.5/cb046867a6d127f404780c49287e63177e960304/amazon-appstore-sdk-3.0.5.jar: R8: Expected stack map table for method with non-linear control flow. In later version of R8, the method may be assumed not reachable.
WARNING: /Users/apple/.gradle/caches/modules-2/files-2.1/com.amazon.device/amazon-appstore-sdk/3.0.5/cb046867a6d127f404780c49287e63177e960304/amazon-appstore-sdk-3.0.5.jar: R8: Expected stack map table for method with non-linear control flow. In later version of R8, the method may be assumed not reachable.
WARNING: /Users/apple/.gradle/caches/modules-2/files-2.1/com.amazon.device/amazon-appstore-sdk/3.0.5/cb046867a6d127f404780c49287e63177e960304/amazon-appstore-sdk-3.0.5.jar: R8: Expected stack map table for method with non-linear control flow. In later version of R8, the method may be assumed not reachable.
WARNING: /Users/apple/.gradle/caches/modules-2/files-2.1/com.amazon.device/amazon-appstore-sdk/3.0.5/cb046867a6d127f404780c49287e63177e960304/amazon-appstore-sdk-3.0.5.jar: R8: Expected stack map table for method with non-linear control flow. In later version of R8, the method may be assumed not reachable.
WARNING: /Users/apple/.gradle/caches/modules-2/files-2.1/com.amazon.device/amazon-appstore-sdk/3.0.5/cb046867a6d127f404780c49287e63177e960304/amazon-appstore-sdk-3.0.5.jar: R8: Expected stack map table for method with non-linear control flow. In later version of R8, the method may be assumed not reachable.
WARNING: /Users/apple/.gradle/caches/modules-2/files-2.1/com.amazon.device/amazon-appstore-sdk/3.0.5/cb046867a6d127f404780c49287e63177e960304/amazon-appstore-sdk-3.0.5.jar: R8: Expected stack map table for method with non-linear control flow. In later version of R8, the method may be assumed not reachable.
WARNING: /Users/apple/.gradle/caches/modules-2/files-2.1/com.amazon.device/amazon-appstore-sdk/3.0.5/cb046867a6d127f404780c49287e63177e960304/amazon-appstore-sdk-3.0.5.jar: R8: Expected stack map table for method with non-linear control flow. In later version of R8, the method may be assumed not reachable.
WARNING: /Users/apple/.gradle/caches/modules-2/files-2.1/com.amazon.device/amazon-appstore-sdk/3.0.5/cb046867a6d127f404780c49287e63177e960304/amazon-appstore-sdk-3.0.5.jar: R8: Expected stack map table for method with non-linear control flow. In later version of R8, the method may be assumed not reachable.
WARNING: /Users/apple/.gradle/caches/modules-2/files-2.1/com.amazon.device/amazon-appstore-sdk/3.0.5/cb046867a6d127f404780c49287e63177e960304/amazon-appstore-sdk-3.0.5.jar: R8: Expected stack map table for method with non-linear control flow. In later version of R8, the method may be assumed not reachable.
WARNING: /Users/apple/.gradle/caches/modules-2/files-2.1/com.amazon.device/amazon-appstore-sdk/3.0.5/cb046867a6d127f404780c49287e63177e960304/amazon-appstore-sdk-3.0.5.jar: R8: Expected stack map table for method with non-linear control flow. In later version of R8, the method may be assumed not reachable.
WARNING: /Users/apple/.gradle/caches/modules-2/files-2.1/com.amazon.device/amazon-appstore-sdk/3.0.5/cb046867a6d127f404780c49287e63177e960304/amazon-appstore-sdk-3.0.5.jar: R8: Expected stack map table for method with non-linear control flow. In later version of R8, the method may be assumed not reachable.
WARNING: /Users/apple/.gradle/caches/modules-2/files-2.1/com.amazon.device/amazon-appstore-sdk/3.0.5/cb046867a6d127f404780c49287e63177e960304/amazon-appstore-sdk-3.0.5.jar: R8: Expected stack map table for method with non-linear control flow. In later version of R8, the method may be assumed not reachable.
WARNING: /Users/apple/.gradle/caches/modules-2/files-2.1/com.amazon.device/amazon-appstore-sdk/3.0.5/cb046867a6d127f404780c49287e63177e960304/amazon-appstore-sdk-3.0.5.jar: R8: Expected stack map table for method with non-linear control flow. In later version of R8, the method may be assumed not reachable.
WARNING: /Users/apple/.gradle/caches/modules-2/files-2.1/com.amazon.device/amazon-appstore-sdk/3.0.5/cb046867a6d127f404780c49287e63177e960304/amazon-appstore-sdk-3.0.5.jar: R8: Expected stack map table for method with non-linear control flow. In later version of R8, the method may be assumed not reachable.
WARNING: /Users/apple/.gradle/caches/modules-2/files-2.1/com.amazon.device/amazon-appstore-sdk/3.0.5/cb046867a6d127f404780c49287e63177e960304/amazon-appstore-sdk-3.0.5.jar: R8: Expected stack map table for method with non-linear control flow. In later version of R8, the method may be assumed not reachable.
WARNING: /Users/apple/.gradle/caches/modules-2/files-2.1/com.amazon.device/amazon-appstore-sdk/3.0.5/cb046867a6d127f404780c49287e63177e960304/amazon-appstore-sdk-3.0.5.jar: R8: Expected stack map table for method with non-linear control flow. In later version of R8, the method may be assumed not reachable.
WARNING: /Users/apple/.gradle/caches/modules-2/files-2.1/com.amazon.device/amazon-appstore-sdk/3.0.5/cb046867a6d127f404780c49287e63177e960304/amazon-appstore-sdk-3.0.5.jar: R8: Expected stack map table for method with non-linear control flow. In later version of R8, the method may be assumed not reachable.
WARNING: /Users/apple/.gradle/caches/modules-2/files-2.1/com.amazon.device/amazon-appstore-sdk/3.0.5/cb046867a6d127f404780c49287e63177e960304/amazon-appstore-sdk-3.0.5.jar: R8: Expected stack map table for method with non-linear control flow. In later version of R8, the method may be assumed not reachable.
WARNING: /Users/apple/.gradle/caches/modules-2/files-2.1/com.amazon.device/amazon-appstore-sdk/3.0.5/cb046867a6d127f404780c49287e63177e960304/amazon-appstore-sdk-3.0.5.jar: R8: Expected stack map table for method with non-linear control flow. In later version of R8, the method may be assumed not reachable.
WARNING: /Users/apple/.gradle/caches/modules-2/files-2.1/com.amazon.device/amazon-appstore-sdk/3.0.5/cb046867a6d127f404780c49287e63177e960304/amazon-appstore-sdk-3.0.5.jar: R8: Expected stack map table for method with non-linear control flow. In later version of R8, the method may be assumed not reachable.
WARNING: /Users/apple/.gradle/caches/modules-2/files-2.1/com.amazon.device/amazon-appstore-sdk/3.0.5/cb046867a6d127f404780c49287e63177e960304/amazon-appstore-sdk-3.0.5.jar: R8: Expected stack map table for method with non-linear control flow. In later version of R8, the method may be assumed not reachable.
WARNING: /Users/apple/.gradle/caches/modules-2/files-2.1/com.amazon.device/amazon-appstore-sdk/3.0.5/cb046867a6d127f404780c49287e63177e960304/amazon-appstore-sdk-3.0.5.jar: R8: Expected stack map table for method with non-linear control flow. In later version of R8, the method may be assumed not reachable.
WARNING: /Users/apple/.gradle/caches/modules-2/files-2.1/com.amazon.device/amazon-appstore-sdk/3.0.5/cb046867a6d127f404780c49287e63177e960304/amazon-appstore-sdk-3.0.5.jar: R8: Expected stack map table for method with non-linear control flow. In later version of R8, the method may be assumed not reachable.
WARNING: /Users/apple/.gradle/caches/modules-2/files-2.1/com.amazon.device/amazon-appstore-sdk/3.0.5/cb046867a6d127f404780c49287e63177e960304/amazon-appstore-sdk-3.0.5.jar: R8: Expected stack map table for method with non-linear control flow. In later version of R8, the method may be assumed not reachable.
WARNING: /Users/apple/.gradle/caches/modules-2/files-2.1/com.amazon.device/amazon-appstore-sdk/3.0.5/cb046867a6d127f404780c49287e63177e960304/amazon-appstore-sdk-3.0.5.jar: R8: Expected stack map table for method with non-linear control flow. In later version of R8, the method may be assumed not reachable.
WARNING: /Users/apple/.gradle/caches/modules-2/files-2.1/com.amazon.device/amazon-appstore-sdk/3.0.5/cb046867a6d127f404780c49287e63177e960304/amazon-appstore-sdk-3.0.5.jar: R8: Expected stack map table for method with non-linear control flow. In later version of R8, the method may be assumed not reachable.
WARNING: /Users/apple/.gradle/caches/modules-2/files-2.1/com.amazon.device/amazon-appstore-sdk/3.0.5/cb046867a6d127f404780c49287e63177e960304/amazon-appstore-sdk-3.0.5.jar: R8: Expected stack map table for method with non-linear control flow. In later version of R8, the method may be assumed not reachable.
WARNING: /Users/apple/.gradle/caches/modules-2/files-2.1/com.amazon.device/amazon-appstore-sdk/3.0.5/cb046867a6d127f404780c49287e63177e960304/amazon-appstore-sdk-3.0.5.jar: R8: Expected stack map table for method with non-linear control flow. In later version of R8, the method may be assumed not reachable.
WARNING: /Users/apple/.gradle/caches/modules-2/files-2.1/com.amazon.device/amazon-appstore-sdk/3.0.5/cb046867a6d127f404780c49287e63177e960304/amazon-appstore-sdk-3.0.5.jar: R8: Expected stack map table for method with non-linear control flow. In later version of R8, the method may be assumed not reachable.
WARNING: /Users/apple/.gradle/caches/modules-2/files-2.1/com.amazon.device/amazon-appstore-sdk/3.0.5/cb046867a6d127f404780c49287e63177e960304/amazon-appstore-sdk-3.0.5.jar: R8: Expected stack map table for method with non-linear control flow. In later version of R8, the method may be assumed not reachable.
WARNING: /Users/apple/.gradle/caches/modules-2/files-2.1/com.amazon.device/amazon-appstore-sdk/3.0.5/cb046867a6d127f404780c49287e63177e960304/amazon-appstore-sdk-3.0.5.jar: R8: Expected stack map table for method with non-linear control flow. In later version of R8, the method may be assumed not reachable.
WARNING: /Users/apple/.gradle/caches/modules-2/files-2.1/com.amazon.device/amazon-appstore-sdk/3.0.5/cb046867a6d127f404780c49287e63177e960304/amazon-appstore-sdk-3.0.5.jar: R8: Expected stack map table for method with non-linear control flow. In later version of R8, the method may be assumed not reachable.
WARNING: /Users/apple/.gradle/caches/modules-2/files-2.1/com.amazon.device/amazon-appstore-sdk/3.0.5/cb046867a6d127f404780c49287e63177e960304/amazon-appstore-sdk-3.0.5.jar: R8: Expected stack map table for method with non-linear control flow. In later version of R8, the method may be assumed not reachable.
WARNING: /Users/apple/.gradle/caches/modules-2/files-2.1/com.amazon.device/amazon-appstore-sdk/3.0.5/cb046867a6d127f404780c49287e63177e960304/amazon-appstore-sdk-3.0.5.jar: R8: Expected stack map table for method with non-linear control flow. In later version of R8, the method may be assumed not reachable.
WARNING: /Users/apple/.gradle/caches/modules-2/files-2.1/com.amazon.device/amazon-appstore-sdk/3.0.5/cb046867a6d127f404780c49287e63177e960304/amazon-appstore-sdk-3.0.5.jar: R8: Expected stack map table for method with non-linear control flow. In later version of R8, the method may be assumed not reachable.
WARNING: /Users/apple/.gradle/caches/modules-2/files-2.1/com.amazon.device/amazon-appstore-sdk/3.0.5/cb046867a6d127f404780c49287e63177e960304/amazon-appstore-sdk-3.0.5.jar: R8: Expected stack map table for method with non-linear control flow. In later version of R8, the method may be assumed not reachable.
WARNING: /Users/apple/.gradle/caches/modules-2/files-2.1/com.amazon.device/amazon-appstore-sdk/3.0.5/cb046867a6d127f404780c49287e63177e960304/amazon-appstore-sdk-3.0.5.jar: R8: Expected stack map table for method with non-linear control flow. In later version of R8, the method may be assumed not reachable.
WARNING: /Users/apple/.gradle/caches/modules-2/files-2.1/com.amazon.device/amazon-appstore-sdk/3.0.5/cb046867a6d127f404780c49287e63177e960304/amazon-appstore-sdk-3.0.5.jar: R8: Expected stack map table for method with non-linear control flow. In later version of R8, the method may be assumed not reachable.
WARNING: /Users/apple/.gradle/caches/modules-2/files-2.1/com.amazon.device/amazon-appstore-sdk/3.0.5/cb046867a6d127f404780c49287e63177e960304/amazon-appstore-sdk-3.0.5.jar: R8: Expected stack map table for method with non-linear control flow. In later version of R8, the method may be assumed not reachable.
WARNING: /Users/apple/.gradle/caches/modules-2/files-2.1/com.amazon.device/amazon-appstore-sdk/3.0.5/cb046867a6d127f404780c49287e63177e960304/amazon-appstore-sdk-3.0.5.jar: R8: Expected stack map table for method with non-linear control flow. In later version of R8, the method may be assumed not reachable.
WARNING: /Users/apple/.gradle/caches/modules-2/files-2.1/com.amazon.device/amazon-appstore-sdk/3.0.5/cb046867a6d127f404780c49287e63177e960304/amazon-appstore-sdk-3.0.5.jar: R8: Expected stack map table for method with non-linear control flow. In later version of R8, the method may be assumed not reachable.
WARNING: /Users/apple/.gradle/caches/modules-2/files-2.1/com.amazon.device/amazon-appstore-sdk/3.0.5/cb046867a6d127f404780c49287e63177e960304/amazon-appstore-sdk-3.0.5.jar: R8: Expected stack map table for method with non-linear control flow. In later version of R8, the method may be assumed not reachable.
WARNING: /Users/apple/.gradle/caches/modules-2/files-2.1/com.amazon.device/amazon-appstore-sdk/3.0.5/cb046867a6d127f404780c49287e63177e960304/amazon-appstore-sdk-3.0.5.jar: R8: Expected stack map table for method with non-linear control flow. In later version of R8, the method may be assumed not reachable.
WARNING: /Users/apple/.gradle/caches/modules-2/files-2.1/com.amazon.device/amazon-appstore-sdk/3.0.5/cb046867a6d127f404780c49287e63177e960304/amazon-appstore-sdk-3.0.5.jar: R8: Expected stack map table for method with non-linear control flow. In later version of R8, the method may be assumed not reachable.
WARNING: /Users/apple/.gradle/caches/modules-2/files-2.1/com.amazon.device/amazon-appstore-sdk/3.0.5/cb046867a6d127f404780c49287e63177e960304/amazon-appstore-sdk-3.0.5.jar: R8: Expected stack map table for method with non-linear control flow. In later version of R8, the method may be assumed not reachable.
WARNING: /Users/apple/.gradle/caches/modules-2/files-2.1/com.amazon.device/amazon-appstore-sdk/3.0.5/cb046867a6d127f404780c49287e63177e960304/amazon-appstore-sdk-3.0.5.jar: R8: Expected stack map table for method with non-linear control flow. In later version of R8, the method may be assumed not reachable.
WARNING: /Users/apple/.gradle/caches/modules-2/files-2.1/com.amazon.device/amazon-appstore-sdk/3.0.5/cb046867a6d127f404780c49287e63177e960304/amazon-appstore-sdk-3.0.5.jar: R8: Expected stack map table for method with non-linear control flow. In later version of R8, the method may be assumed not reachable.
WARNING: /Users/apple/.gradle/caches/modules-2/files-2.1/com.amazon.device/amazon-appstore-sdk/3.0.5/cb046867a6d127f404780c49287e63177e960304/amazon-appstore-sdk-3.0.5.jar: R8: Expected stack map table for method with non-linear control flow. In later version of R8, the method may be assumed not reachable.
WARNING: /Users/apple/.gradle/caches/modules-2/files-2.1/com.amazon.device/amazon-appstore-sdk/3.0.5/cb046867a6d127f404780c49287e63177e960304/amazon-appstore-sdk-3.0.5.jar: R8: Expected stack map table for method with non-linear control flow. In later version of R8, the method may be assumed not reachable.
WARNING: /Users/apple/.gradle/caches/modules-2/files-2.1/com.amazon.device/amazon-appstore-sdk/3.0.5/cb046867a6d127f404780c49287e63177e960304/amazon-appstore-sdk-3.0.5.jar: R8: Expected stack map table for method with non-linear control flow. In later version of R8, the method may be assumed not reachable.
WARNING: /Users/apple/.gradle/caches/modules-2/files-2.1/com.amazon.device/amazon-appstore-sdk/3.0.5/cb046867a6d127f404780c49287e63177e960304/amazon-appstore-sdk-3.0.5.jar: R8: Expected stack map table for method with non-linear control flow. In later version of R8, the method may be assumed not reachable.
WARNING: /Users/apple/.gradle/caches/modules-2/files-2.1/com.amazon.device/amazon-appstore-sdk/3.0.5/cb046867a6d127f404780c49287e63177e960304/amazon-appstore-sdk-3.0.5.jar: R8: Expected stack map table for method with non-linear control flow. In later version of R8, the method may be assumed not reachable.
WARNING: /Users/apple/.gradle/caches/modules-2/files-2.1/com.amazon.device/amazon-appstore-sdk/3.0.5/cb046867a6d127f404780c49287e63177e960304/amazon-appstore-sdk-3.0.5.jar: R8: Expected stack map table for method with non-linear control flow. In later version of R8, the method may be assumed not reachable.
WARNING: /Users/apple/.gradle/caches/modules-2/files-2.1/com.amazon.device/amazon-appstore-sdk/3.0.5/cb046867a6d127f404780c49287e63177e960304/amazon-appstore-sdk-3.0.5.jar: R8: Expected stack map table for method with non-linear control flow. In later version of R8, the method may be assumed not reachable.
WARNING: /Users/apple/.gradle/caches/modules-2/files-2.1/com.amazon.device/amazon-appstore-sdk/3.0.5/cb046867a6d127f404780c49287e63177e960304/amazon-appstore-sdk-3.0.5.jar: R8: Expected stack map table for method with non-linear control flow. In later version of R8, the method may be assumed not reachable.
WARNING: /Users/apple/.gradle/caches/modules-2/files-2.1/com.amazon.device/amazon-appstore-sdk/3.0.5/cb046867a6d127f404780c49287e63177e960304/amazon-appstore-sdk-3.0.5.jar: R8: Expected stack map table for method with non-linear control flow. In later version of R8, the method may be assumed not reachable.
WARNING: /Users/apple/.gradle/caches/modules-2/files-2.1/com.amazon.device/amazon-appstore-sdk/3.0.5/cb046867a6d127f404780c49287e63177e960304/amazon-appstore-sdk-3.0.5.jar: R8: Expected stack map table for method with non-linear control flow. In later version of R8, the method may be assumed not reachable.
WARNING: /Users/apple/.gradle/caches/modules-2/files-2.1/com.amazon.device/amazon-appstore-sdk/3.0.5/cb046867a6d127f404780c49287e63177e960304/amazon-appstore-sdk-3.0.5.jar: R8: Expected stack map table for method with non-linear control flow. In later version of R8, the method may be assumed not reachable.
WARNING: /Users/apple/.gradle/caches/modules-2/files-2.1/com.amazon.device/amazon-appstore-sdk/3.0.5/cb046867a6d127f404780c49287e63177e960304/amazon-appstore-sdk-3.0.5.jar: R8: Expected stack map table for method with non-linear control flow. In later version of R8, the method may be assumed not reachable.
WARNING: /Users/apple/.gradle/caches/modules-2/files-2.1/com.amazon.device/amazon-appstore-sdk/3.0.5/cb046867a6d127f404780c49287e63177e960304/amazon-appstore-sdk-3.0.5.jar: R8: Expected stack map table for method with non-linear control flow. In later version of R8, the method may be assumed not reachable.
WARNING: /Users/apple/.gradle/caches/modules-2/files-2.1/com.amazon.device/amazon-appstore-sdk/3.0.5/cb046867a6d127f404780c49287e63177e960304/amazon-appstore-sdk-3.0.5.jar: R8: Expected stack map table for method with non-linear control flow. In later version of R8, the method may be assumed not reachable.
WARNING: /Users/apple/.gradle/caches/modules-2/files-2.1/com.amazon.device/amazon-appstore-sdk/3.0.5/cb046867a6d127f404780c49287e63177e960304/amazon-appstore-sdk-3.0.5.jar: R8: Expected stack map table for method with non-linear control flow. In later version of R8, the method may be assumed not reachable.
WARNING: /Users/apple/.gradle/caches/modules-2/files-2.1/com.amazon.device/amazon-appstore-sdk/3.0.5/cb046867a6d127f404780c49287e63177e960304/amazon-appstore-sdk-3.0.5.jar: R8: Expected stack map table for method with non-linear control flow. In later version of R8, the method may be assumed not reachable.
WARNING: /Users/apple/.gradle/caches/modules-2/files-2.1/com.amazon.device/amazon-appstore-sdk/3.0.5/cb046867a6d127f404780c49287e63177e960304/amazon-appstore-sdk-3.0.5.jar: R8: Expected stack map table for method with non-linear control flow. In later version of R8, the method may be assumed not reachable.
WARNING: /Users/apple/.gradle/caches/modules-2/files-2.1/com.amazon.device/amazon-appstore-sdk/3.0.5/cb046867a6d127f404780c49287e63177e960304/amazon-appstore-sdk-3.0.5.jar: R8: Expected stack map table for method with non-linear control flow. In later version of R8, the method may be assumed not reachable.
WARNING: /Users/apple/.gradle/caches/modules-2/files-2.1/com.amazon.device/amazon-appstore-sdk/3.0.5/cb046867a6d127f404780c49287e63177e960304/amazon-appstore-sdk-3.0.5.jar: R8: Expected stack map table for method with non-linear control flow. In later version of R8, the method may be assumed not reachable.
WARNING: /Users/apple/.gradle/caches/modules-2/files-2.1/com.amazon.device/amazon-appstore-sdk/3.0.5/cb046867a6d127f404780c49287e63177e960304/amazon-appstore-sdk-3.0.5.jar: R8: Expected stack map table for method with non-linear control flow. In later version of R8, the method may be assumed not reachable.
WARNING: /Users/apple/.gradle/caches/modules-2/files-2.1/com.amazon.device/amazon-appstore-sdk/3.0.5/cb046867a6d127f404780c49287e63177e960304/amazon-appstore-sdk-3.0.5.jar: R8: Expected stack map table for method with non-linear control flow. In later version of R8, the method may be assumed not reachable.
WARNING: /Users/apple/.gradle/caches/modules-2/files-2.1/com.amazon.device/amazon-appstore-sdk/3.0.5/cb046867a6d127f404780c49287e63177e960304/amazon-appstore-sdk-3.0.5.jar: R8: Expected stack map table for method with non-linear control flow. In later version of R8, the method may be assumed not reachable.
WARNING: /Users/apple/.gradle/caches/modules-2/files-2.1/com.amazon.device/amazon-appstore-sdk/3.0.5/cb046867a6d127f404780c49287e63177e960304/amazon-appstore-sdk-3.0.5.jar: R8: Expected stack map table for method with non-linear control flow. In later version of R8, the method may be assumed not reachable.
WARNING: /Users/apple/.gradle/caches/modules-2/files-2.1/com.amazon.device/amazon-appstore-sdk/3.0.5/cb046867a6d127f404780c49287e63177e960304/amazon-appstore-sdk-3.0.5.jar: R8: Expected stack map table for method with non-linear control flow. In later version of R8, the method may be assumed not reachable.
WARNING: /Users/apple/.gradle/caches/modules-2/files-2.1/com.amazon.device/amazon-appstore-sdk/3.0.5/cb046867a6d127f404780c49287e63177e960304/amazon-appstore-sdk-3.0.5.jar: R8: Expected stack map table for method with non-linear control flow. In later version of R8, the method may be assumed not reachable.
WARNING: /Users/apple/.gradle/caches/modules-2/files-2.1/com.amazon.device/amazon-appstore-sdk/3.0.5/cb046867a6d127f404780c49287e63177e960304/amazon-appstore-sdk-3.0.5.jar: R8: Expected stack map table for method with non-linear control flow. In later version of R8, the method may be assumed not reachable.
WARNING: /Users/apple/.gradle/caches/modules-2/files-2.1/com.amazon.device/amazon-appstore-sdk/3.0.5/cb046867a6d127f404780c49287e63177e960304/amazon-appstore-sdk-3.0.5.jar: R8: Expected stack map table for method with non-linear control flow. In later version of R8, the method may be assumed not reachable.
WARNING: /Users/apple/.gradle/caches/modules-2/files-2.1/com.amazon.device/amazon-appstore-sdk/3.0.5/cb046867a6d127f404780c49287e63177e960304/amazon-appstore-sdk-3.0.5.jar: R8: Expected stack map table for method with non-linear control flow. In later version of R8, the method may be assumed not reachable.
WARNING: /Users/apple/.gradle/caches/modules-2/files-2.1/com.amazon.device/amazon-appstore-sdk/3.0.5/cb046867a6d127f404780c49287e63177e960304/amazon-appstore-sdk-3.0.5.jar: R8: Expected stack map table for method with non-linear control flow. In later version of R8, the method may be assumed not reachable.
WARNING: /Users/apple/.gradle/caches/modules-2/files-2.1/com.amazon.device/amazon-appstore-sdk/3.0.5/cb046867a6d127f404780c49287e63177e960304/amazon-appstore-sdk-3.0.5.jar: R8: Expected stack map table for method with non-linear control flow. In later version of R8, the method may be assumed not reachable.
WARNING: /Users/apple/.gradle/caches/modules-2/files-2.1/com.amazon.device/amazon-appstore-sdk/3.0.5/cb046867a6d127f404780c49287e63177e960304/amazon-appstore-sdk-3.0.5.jar: R8: Expected stack map table for method with non-linear control flow. In later version of R8, the method may be assumed not reachable.
WARNING: /Users/apple/.gradle/caches/modules-2/files-2.1/com.amazon.device/amazon-appstore-sdk/3.0.5/cb046867a6d127f404780c49287e63177e960304/amazon-appstore-sdk-3.0.5.jar: R8: Expected stack map table for method with non-linear control flow. In later version of R8, the method may be assumed not reachable.
WARNING: /Users/apple/.gradle/caches/modules-2/files-2.1/com.amazon.device/amazon-appstore-sdk/3.0.5/cb046867a6d127f404780c49287e63177e960304/amazon-appstore-sdk-3.0.5.jar: R8: Expected stack map table for method with non-linear control flow. In later version of R8, the method may be assumed not reachable.
WARNING: /Users/apple/.gradle/caches/modules-2/files-2.1/com.amazon.device/amazon-appstore-sdk/3.0.5/cb046867a6d127f404780c49287e63177e960304/amazon-appstore-sdk-3.0.5.jar: R8: Expected stack map table for method with non-linear control flow. In later version of R8, the method may be assumed not reachable.
WARNING: /Users/apple/.gradle/caches/modules-2/files-2.1/com.amazon.device/amazon-appstore-sdk/3.0.5/cb046867a6d127f404780c49287e63177e960304/amazon-appstore-sdk-3.0.5.jar: R8: Expected stack map table for method with non-linear control flow. In later version of R8, the method may be assumed not reachable.
WARNING: /Users/apple/.gradle/caches/modules-2/files-2.1/com.amazon.device/amazon-appstore-sdk/3.0.5/cb046867a6d127f404780c49287e63177e960304/amazon-appstore-sdk-3.0.5.jar: R8: Expected stack map table for method with non-linear control flow. In later version of R8, the method may be assumed not reachable.
WARNING: /Users/apple/.gradle/caches/modules-2/files-2.1/com.amazon.device/amazon-appstore-sdk/3.0.5/cb046867a6d127f404780c49287e63177e960304/amazon-appstore-sdk-3.0.5.jar: R8: Expected stack map table for method with non-linear control flow. In later version of R8, the method may be assumed not reachable.
WARNING: /Users/apple/.gradle/caches/modules-2/files-2.1/com.amazon.device/amazon-appstore-sdk/3.0.5/cb046867a6d127f404780c49287e63177e960304/amazon-appstore-sdk-3.0.5.jar: R8: Expected stack map table for method with non-linear control flow. In later version of R8, the method may be assumed not reachable.
WARNING: /Users/apple/.gradle/caches/modules-2/files-2.1/com.amazon.device/amazon-appstore-sdk/3.0.5/cb046867a6d127f404780c49287e63177e960304/amazon-appstore-sdk-3.0.5.jar: R8: Expected stack map table for method with non-linear control flow. In later version of R8, the method may be assumed not reachable.
WARNING: /Users/apple/.gradle/caches/modules-2/files-2.1/com.amazon.device/amazon-appstore-sdk/3.0.5/cb046867a6d127f404780c49287e63177e960304/amazon-appstore-sdk-3.0.5.jar: R8: Expected stack map table for method with non-linear control flow. In later version of R8, the method may be assumed not reachable.
WARNING: /Users/apple/.gradle/caches/modules-2/files-2.1/com.amazon.device/amazon-appstore-sdk/3.0.5/cb046867a6d127f404780c49287e63177e960304/amazon-appstore-sdk-3.0.5.jar: R8: Expected stack map table for method with non-linear control flow. In later version of R8, the method may be assumed not reachable.
WARNING: /Users/apple/.gradle/caches/modules-2/files-2.1/com.amazon.device/amazon-appstore-sdk/3.0.5/cb046867a6d127f404780c49287e63177e960304/amazon-appstore-sdk-3.0.5.jar: R8: Expected stack map table for method with non-linear control flow. In later version of R8, the method may be assumed not reachable.
WARNING: /Users/apple/.gradle/caches/modules-2/files-2.1/com.amazon.device/amazon-appstore-sdk/3.0.5/cb046867a6d127f404780c49287e63177e960304/amazon-appstore-sdk-3.0.5.jar: R8: Expected stack map table for method with non-linear control flow. In later version of R8, the method may be assumed not reachable.
WARNING: /Users/apple/.gradle/caches/modules-2/files-2.1/com.amazon.device/amazon-appstore-sdk/3.0.5/cb046867a6d127f404780c49287e63177e960304/amazon-appstore-sdk-3.0.5.jar: R8: Expected stack map table for method with non-linear control flow. In later version of R8, the method may be assumed not reachable.
WARNING: /Users/apple/.gradle/caches/modules-2/files-2.1/com.amazon.device/amazon-appstore-sdk/3.0.5/cb046867a6d127f404780c49287e63177e960304/amazon-appstore-sdk-3.0.5.jar: R8: Expected stack map table for method with non-linear control flow. In later version of R8, the method may be assumed not reachable.
WARNING: /Users/apple/.gradle/caches/modules-2/files-2.1/com.amazon.device/amazon-appstore-sdk/3.0.5/cb046867a6d127f404780c49287e63177e960304/amazon-appstore-sdk-3.0.5.jar: R8: Expected stack map table for method with non-linear control flow. In later version of R8, the method may be assumed not reachable.
WARNING: /Users/apple/.gradle/caches/modules-2/files-2.1/com.amazon.device/amazon-appstore-sdk/3.0.5/cb046867a6d127f404780c49287e63177e960304/amazon-appstore-sdk-3.0.5.jar: R8: Expected stack map table for method with non-linear control flow. In later version of R8, the method may be assumed not reachable.
WARNING: /Users/apple/.gradle/caches/modules-2/files-2.1/com.amazon.device/amazon-appstore-sdk/3.0.5/cb046867a6d127f404780c49287e63177e960304/amazon-appstore-sdk-3.0.5.jar: R8: Expected stack map table for method with non-linear control flow. In later version of R8, the method may be assumed not reachable.
WARNING: /Users/apple/.gradle/caches/modules-2/files-2.1/com.amazon.device/amazon-appstore-sdk/3.0.5/cb046867a6d127f404780c49287e63177e960304/amazon-appstore-sdk-3.0.5.jar: R8: Expected stack map table for method with non-linear control flow. In later version of R8, the method may be assumed not reachable.
WARNING: /Users/apple/.gradle/caches/modules-2/files-2.1/com.amazon.device/amazon-appstore-sdk/3.0.5/cb046867a6d127f404780c49287e63177e960304/amazon-appstore-sdk-3.0.5.jar: R8: Expected stack map table for method with non-linear control flow. In later version of R8, the method may be assumed not reachable.
WARNING: /Users/apple/.gradle/caches/modules-2/files-2.1/com.amazon.device/amazon-appstore-sdk/3.0.5/cb046867a6d127f404780c49287e63177e960304/amazon-appstore-sdk-3.0.5.jar: R8: Expected stack map table for method with non-linear control flow. In later version of R8, the method may be assumed not reachable.
WARNING: /Users/apple/.gradle/caches/modules-2/files-2.1/com.amazon.device/amazon-appstore-sdk/3.0.5/cb046867a6d127f404780c49287e63177e960304/amazon-appstore-sdk-3.0.5.jar: R8: Expected stack map table for method with non-linear control flow. In later version of R8, the method may be assumed not reachable.
WARNING: /Users/apple/.gradle/caches/modules-2/files-2.1/com.amazon.device/amazon-appstore-sdk/3.0.5/cb046867a6d127f404780c49287e63177e960304/amazon-appstore-sdk-3.0.5.jar: R8: Expected stack map table for method with non-linear control flow. In later version of R8, the method may be assumed not reachable.
WARNING: /Users/apple/.gradle/caches/modules-2/files-2.1/com.amazon.device/amazon-appstore-sdk/3.0.5/cb046867a6d127f404780c49287e63177e960304/amazon-appstore-sdk-3.0.5.jar: R8: Expected stack map table for method with non-linear control flow. In later version of R8, the method may be assumed not reachable.
WARNING: /Users/apple/.gradle/caches/modules-2/files-2.1/com.amazon.device/amazon-appstore-sdk/3.0.5/cb046867a6d127f404780c49287e63177e960304/amazon-appstore-sdk-3.0.5.jar: R8: Expected stack map table for method with non-linear control flow. In later version of R8, the method may be assumed not reachable.
WARNING: /Users/apple/.gradle/caches/modules-2/files-2.1/com.amazon.device/amazon-appstore-sdk/3.0.5/cb046867a6d127f404780c49287e63177e960304/amazon-appstore-sdk-3.0.5.jar: R8: Expected stack map table for method with non-linear control flow. In later version of R8, the method may be assumed not reachable.
WARNING: /Users/apple/.gradle/caches/modules-2/files-2.1/com.amazon.device/amazon-appstore-sdk/3.0.5/cb046867a6d127f404780c49287e63177e960304/amazon-appstore-sdk-3.0.5.jar: R8: Expected stack map table for method with non-linear control flow. In later version of R8, the method may be assumed not reachable.
WARNING: /Users/apple/.gradle/caches/modules-2/files-2.1/com.amazon.device/amazon-appstore-sdk/3.0.5/cb046867a6d127f404780c49287e63177e960304/amazon-appstore-sdk-3.0.5.jar: R8: Expected stack map table for method with non-linear control flow. In later version of R8, the method may be assumed not reachable.
WARNING: /Users/apple/.gradle/caches/modules-2/files-2.1/com.amazon.device/amazon-appstore-sdk/3.0.5/cb046867a6d127f404780c49287e63177e960304/amazon-appstore-sdk-3.0.5.jar: R8: Expected stack map table for method with non-linear control flow. In later version of R8, the method may be assumed not reachable.
WARNING: /Users/apple/.gradle/caches/modules-2/files-2.1/com.amazon.device/amazon-appstore-sdk/3.0.5/cb046867a6d127f404780c49287e63177e960304/amazon-appstore-sdk-3.0.5.jar: R8: Expected stack map table for method with non-linear control flow. In later version of R8, the method may be assumed not reachable.
WARNING: /Users/apple/.gradle/caches/modules-2/files-2.1/com.amazon.device/amazon-appstore-sdk/3.0.5/cb046867a6d127f404780c49287e63177e960304/amazon-appstore-sdk-3.0.5.jar: R8: Expected stack map table for method with non-linear control flow. In later version of R8, the method may be assumed not reachable.
WARNING: /Users/apple/.gradle/caches/modules-2/files-2.1/com.amazon.device/amazon-appstore-sdk/3.0.5/cb046867a6d127f404780c49287e63177e960304/amazon-appstore-sdk-3.0.5.jar: R8: Expected stack map table for method with non-linear control flow. In later version of R8, the method may be assumed not reachable.
WARNING: /Users/apple/.gradle/caches/modules-2/files-2.1/com.amazon.device/amazon-appstore-sdk/3.0.5/cb046867a6d127f404780c49287e63177e960304/amazon-appstore-sdk-3.0.5.jar: R8: Expected stack map table for method with non-linear control flow. In later version of R8, the method may be assumed not reachable.
WARNING: /Users/apple/.gradle/caches/modules-2/files-2.1/com.amazon.device/amazon-appstore-sdk/3.0.5/cb046867a6d127f404780c49287e63177e960304/amazon-appstore-sdk-3.0.5.jar: R8: Expected stack map table for method with non-linear control flow. In later version of R8, the method may be assumed not reachable.
WARNING: /Users/apple/.gradle/caches/modules-2/files-2.1/com.amazon.device/amazon-appstore-sdk/3.0.5/cb046867a6d127f404780c49287e63177e960304/amazon-appstore-sdk-3.0.5.jar: R8: Expected stack map table for method with non-linear control flow. In later version of R8, the method may be assumed not reachable.
WARNING: /Users/apple/.gradle/caches/modules-2/files-2.1/com.amazon.device/amazon-appstore-sdk/3.0.5/cb046867a6d127f404780c49287e63177e960304/amazon-appstore-sdk-3.0.5.jar: R8: Expected stack map table for method with non-linear control flow. In later version of R8, the method may be assumed not reachable.
WARNING: /Users/apple/.gradle/caches/modules-2/files-2.1/com.amazon.device/amazon-appstore-sdk/3.0.5/cb046867a6d127f404780c49287e63177e960304/amazon-appstore-sdk-3.0.5.jar: R8: Expected stack map table for method with non-linear control flow. In later version of R8, the method may be assumed not reachable.
WARNING: /Users/apple/.gradle/caches/modules-2/files-2.1/com.amazon.device/amazon-appstore-sdk/3.0.5/cb046867a6d127f404780c49287e63177e960304/amazon-appstore-sdk-3.0.5.jar: R8: Expected stack map table for method with non-linear control flow. In later version of R8, the method may be assumed not reachable.
WARNING: /Users/apple/.gradle/caches/modules-2/files-2.1/com.amazon.device/amazon-appstore-sdk/3.0.5/cb046867a6d127f404780c49287e63177e960304/amazon-appstore-sdk-3.0.5.jar: R8: Expected stack map table for method with non-linear control flow. In later version of R8, the method may be assumed not reachable.
WARNING: /Users/apple/.gradle/caches/modules-2/files-2.1/com.amazon.device/amazon-appstore-sdk/3.0.5/cb046867a6d127f404780c49287e63177e960304/amazon-appstore-sdk-3.0.5.jar: R8: Expected stack map table for method with non-linear control flow. In later version of R8, the method may be assumed not reachable.
WARNING: /Users/apple/.gradle/caches/modules-2/files-2.1/com.amazon.device/amazon-appstore-sdk/3.0.5/cb046867a6d127f404780c49287e63177e960304/amazon-appstore-sdk-3.0.5.jar: R8: Expected stack map table for method with non-linear control flow. In later version of R8, the method may be assumed not reachable.
WARNING: /Users/apple/.gradle/caches/modules-2/files-2.1/com.amazon.device/amazon-appstore-sdk/3.0.5/cb046867a6d127f404780c49287e63177e960304/amazon-appstore-sdk-3.0.5.jar: R8: Expected stack map table for method with non-linear control flow. In later version of R8, the method may be assumed not reachable.
WARNING: /Users/apple/.gradle/caches/modules-2/files-2.1/com.amazon.device/amazon-appstore-sdk/3.0.5/cb046867a6d127f404780c49287e63177e960304/amazon-appstore-sdk-3.0.5.jar: R8: Expected stack map table for method with non-linear control flow. In later version of R8, the method may be assumed not reachable.
WARNING: /Users/apple/.gradle/caches/modules-2/files-2.1/com.amazon.device/amazon-appstore-sdk/3.0.5/cb046867a6d127f404780c49287e63177e960304/amazon-appstore-sdk-3.0.5.jar: R8: Expected stack map table for method with non-linear control flow. In later version of R8, the method may be assumed not reachable.
WARNING: /Users/apple/.gradle/caches/modules-2/files-2.1/com.amazon.device/amazon-appstore-sdk/3.0.5/cb046867a6d127f404780c49287e63177e960304/amazon-appstore-sdk-3.0.5.jar: R8: Expected stack map table for method with non-linear control flow. In later version of R8, the method may be assumed not reachable.
WARNING: /Users/apple/.gradle/caches/modules-2/files-2.1/com.amazon.device/amazon-appstore-sdk/3.0.5/cb046867a6d127f404780c49287e63177e960304/amazon-appstore-sdk-3.0.5.jar: R8: Expected stack map table for method with non-linear control flow. In later version of R8, the method may be assumed not reachable.
WARNING: /Users/apple/.gradle/caches/modules-2/files-2.1/com.amazon.device/amazon-appstore-sdk/3.0.5/cb046867a6d127f404780c49287e63177e960304/amazon-appstore-sdk-3.0.5.jar: R8: Expected stack map table for method with non-linear control flow. In later version of R8, the method may be assumed not reachable.
WARNING: /Users/apple/.gradle/caches/modules-2/files-2.1/com.amazon.device/amazon-appstore-sdk/3.0.5/cb046867a6d127f404780c49287e63177e960304/amazon-appstore-sdk-3.0.5.jar: R8: Expected stack map table for method with non-linear control flow. In later version of R8, the method may be assumed not reachable.
WARNING: /Users/apple/.gradle/caches/modules-2/files-2.1/com.amazon.device/amazon-appstore-sdk/3.0.5/cb046867a6d127f404780c49287e63177e960304/amazon-appstore-sdk-3.0.5.jar: R8: Expected stack map table for method with non-linear control flow. In later version of R8, the method may be assumed not reachable.
WARNING: /Users/apple/.gradle/caches/modules-2/files-2.1/com.amazon.device/amazon-appstore-sdk/3.0.5/cb046867a6d127f404780c49287e63177e960304/amazon-appstore-sdk-3.0.5.jar: R8: Expected stack map table for method with non-linear control flow. In later version of R8, the method may be assumed not reachable.
WARNING: /Users/apple/.gradle/caches/modules-2/files-2.1/com.amazon.device/amazon-appstore-sdk/3.0.5/cb046867a6d127f404780c49287e63177e960304/amazon-appstore-sdk-3.0.5.jar: R8: Expected stack map table for method with non-linear control flow. In later version of R8, the method may be assumed not reachable.
WARNING: /Users/apple/.gradle/caches/modules-2/files-2.1/com.amazon.device/amazon-appstore-sdk/3.0.5/cb046867a6d127f404780c49287e63177e960304/amazon-appstore-sdk-3.0.5.jar: R8: Expected stack map table for method with non-linear control flow. In later version of R8, the method may be assumed not reachable.
WARNING: /Users/apple/.gradle/caches/modules-2/files-2.1/com.amazon.device/amazon-appstore-sdk/3.0.5/cb046867a6d127f404780c49287e63177e960304/amazon-appstore-sdk-3.0.5.jar: R8: Expected stack map table for method with non-linear control flow. In later version of R8, the method may be assumed not reachable.
WARNING: /Users/apple/.gradle/caches/modules-2/files-2.1/com.amazon.device/amazon-appstore-sdk/3.0.5/cb046867a6d127f404780c49287e63177e960304/amazon-appstore-sdk-3.0.5.jar: R8: Expected stack map table for method with non-linear control flow. In later version of R8, the method may be assumed not reachable.
WARNING: /Users/apple/.gradle/caches/modules-2/files-2.1/com.amazon.device/amazon-appstore-sdk/3.0.5/cb046867a6d127f404780c49287e63177e960304/amazon-appstore-sdk-3.0.5.jar: R8: Expected stack map table for method with non-linear control flow. In later version of R8, the method may be assumed not reachable.
WARNING: /Users/apple/.gradle/caches/modules-2/files-2.1/com.amazon.device/amazon-appstore-sdk/3.0.5/cb046867a6d127f404780c49287e63177e960304/amazon-appstore-sdk-3.0.5.jar: R8: Expected stack map table for method with non-linear control flow. In later version of R8, the method may be assumed not reachable.
WARNING: /Users/apple/.gradle/caches/modules-2/files-2.1/com.amazon.device/amazon-appstore-sdk/3.0.5/cb046867a6d127f404780c49287e63177e960304/amazon-appstore-sdk-3.0.5.jar: R8: Expected stack map table for method with non-linear control flow. In later version of R8, the method may be assumed not reachable.
WARNING: /Users/apple/.gradle/caches/modules-2/files-2.1/com.amazon.device/amazon-appstore-sdk/3.0.5/cb046867a6d127f404780c49287e63177e960304/amazon-appstore-sdk-3.0.5.jar: R8: Expected stack map table for method with non-linear control flow. In later version of R8, the method may be assumed not reachable.
WARNING: /Users/apple/.gradle/caches/modules-2/files-2.1/com.amazon.device/amazon-appstore-sdk/3.0.5/cb046867a6d127f404780c49287e63177e960304/amazon-appstore-sdk-3.0.5.jar: R8: Expected stack map table for method with non-linear control flow. In later version of R8, the method may be assumed not reachable.
WARNING: /Users/apple/.gradle/caches/modules-2/files-2.1/com.amazon.device/amazon-appstore-sdk/3.0.5/cb046867a6d127f404780c49287e63177e960304/amazon-appstore-sdk-3.0.5.jar: R8: Expected stack map table for method with non-linear control flow. In later version of R8, the method may be assumed not reachable.
WARNING: /Users/apple/.gradle/caches/modules-2/files-2.1/com.amazon.device/amazon-appstore-sdk/3.0.5/cb046867a6d127f404780c49287e63177e960304/amazon-appstore-sdk-3.0.5.jar: R8: Expected stack map table for method with non-linear control flow. In later version of R8, the method may be assumed not reachable.
WARNING: /Users/apple/.gradle/caches/modules-2/files-2.1/com.amazon.device/amazon-appstore-sdk/3.0.5/cb046867a6d127f404780c49287e63177e960304/amazon-appstore-sdk-3.0.5.jar: R8: Expected stack map table for method with non-linear control flow. In later version of R8, the method may be assumed not reachable.
WARNING: /Users/apple/.gradle/caches/modules-2/files-2.1/com.amazon.device/amazon-appstore-sdk/3.0.5/cb046867a6d127f404780c49287e63177e960304/amazon-appstore-sdk-3.0.5.jar: R8: Expected stack map table for method with non-linear control flow. In later version of R8, the method may be assumed not reachable.
WARNING: /Users/apple/.gradle/caches/modules-2/files-2.1/com.amazon.device/amazon-appstore-sdk/3.0.5/cb046867a6d127f404780c49287e63177e960304/amazon-appstore-sdk-3.0.5.jar: R8: Expected stack map table for method with non-linear control flow. In later version of R8, the method may be assumed not reachable.
WARNING: /Users/apple/.gradle/caches/modules-2/files-2.1/com.amazon.device/amazon-appstore-sdk/3.0.5/cb046867a6d127f404780c49287e63177e960304/amazon-appstore-sdk-3.0.5.jar: R8: Expected stack map table for method with non-linear control flow. In later version of R8, the method may be assumed not reachable.
WARNING: /Users/apple/.gradle/caches/modules-2/files-2.1/com.amazon.device/amazon-appstore-sdk/3.0.5/cb046867a6d127f404780c49287e63177e960304/amazon-appstore-sdk-3.0.5.jar: R8: Expected stack map table for method with non-linear control flow. In later version of R8, the method may be assumed not reachable.
WARNING: /Users/apple/.gradle/caches/modules-2/files-2.1/com.amazon.device/amazon-appstore-sdk/3.0.5/cb046867a6d127f404780c49287e63177e960304/amazon-appstore-sdk-3.0.5.jar: R8: Expected stack map table for method with non-linear control flow. In later version of R8, the method may be assumed not reachable.
WARNING: /Users/apple/.gradle/caches/modules-2/files-2.1/com.amazon.device/amazon-appstore-sdk/3.0.5/cb046867a6d127f404780c49287e63177e960304/amazon-appstore-sdk-3.0.5.jar: R8: Expected stack map table for method with non-linear control flow. In later version of R8, the method may be assumed not reachable.
WARNING: /Users/apple/.gradle/caches/modules-2/files-2.1/com.amazon.device/amazon-appstore-sdk/3.0.5/cb046867a6d127f404780c49287e63177e960304/amazon-appstore-sdk-3.0.5.jar: R8: Expected stack map table for method with non-linear control flow. In later version of R8, the method may be assumed not reachable.
WARNING: /Users/apple/.gradle/caches/modules-2/files-2.1/com.amazon.device/amazon-appstore-sdk/3.0.5/cb046867a6d127f404780c49287e63177e960304/amazon-appstore-sdk-3.0.5.jar: R8: Expected stack map table for method with non-linear control flow. In later version of R8, the method may be assumed not reachable.
WARNING: /Users/apple/.gradle/caches/modules-2/files-2.1/com.amazon.device/amazon-appstore-sdk/3.0.5/cb046867a6d127f404780c49287e63177e960304/amazon-appstore-sdk-3.0.5.jar: R8: Expected stack map table for method with non-linear control flow. In later version of R8, the method may be assumed not reachable.
WARNING: /Users/apple/.gradle/caches/modules-2/files-2.1/com.amazon.device/amazon-appstore-sdk/3.0.5/cb046867a6d127f404780c49287e63177e960304/amazon-appstore-sdk-3.0.5.jar: R8: Expected stack map table for method with non-linear control flow. In later version of R8, the method may be assumed not reachable.
WARNING: /Users/apple/.gradle/caches/modules-2/files-2.1/com.amazon.device/amazon-appstore-sdk/3.0.5/cb046867a6d127f404780c49287e63177e960304/amazon-appstore-sdk-3.0.5.jar: R8: Expected stack map table for method with non-linear control flow. In later version of R8, the method may be assumed not reachable.
WARNING: /Users/apple/.gradle/caches/modules-2/files-2.1/com.amazon.device/amazon-appstore-sdk/3.0.5/cb046867a6d127f404780c49287e63177e960304/amazon-appstore-sdk-3.0.5.jar: R8: Expected stack map table for method with non-linear control flow. In later version of R8, the method may be assumed not reachable.
WARNING: /Users/apple/.gradle/caches/modules-2/files-2.1/com.amazon.device/amazon-appstore-sdk/3.0.5/cb046867a6d127f404780c49287e63177e960304/amazon-appstore-sdk-3.0.5.jar: R8: Expected stack map table for method with non-linear control flow. In later version of R8, the method may be assumed not reachable.
WARNING: /Users/apple/.gradle/caches/modules-2/files-2.1/com.amazon.device/amazon-appstore-sdk/3.0.5/cb046867a6d127f404780c49287e63177e960304/amazon-appstore-sdk-3.0.5.jar: R8: Expected stack map table for method with non-linear control flow. In later version of R8, the method may be assumed not reachable.
WARNING: /Users/apple/.gradle/caches/modules-2/files-2.1/com.amazon.device/amazon-appstore-sdk/3.0.5/cb046867a6d127f404780c49287e63177e960304/amazon-appstore-sdk-3.0.5.jar: R8: Expected stack map table for method with non-linear control flow. In later version of R8, the method may be assumed not reachable.
WARNING: /Users/apple/.gradle/caches/modules-2/files-2.1/com.amazon.device/amazon-appstore-sdk/3.0.5/cb046867a6d127f404780c49287e63177e960304/amazon-appstore-sdk-3.0.5.jar: R8: Expected stack map table for method with non-linear control flow. In later version of R8, the method may be assumed not reachable.
WARNING: /Users/apple/.gradle/caches/modules-2/files-2.1/com.amazon.device/amazon-appstore-sdk/3.0.5/cb046867a6d127f404780c49287e63177e960304/amazon-appstore-sdk-3.0.5.jar: R8: Expected stack map table for method with non-linear control flow. In later version of R8, the method may be assumed not reachable.
WARNING: /Users/apple/.gradle/caches/modules-2/files-2.1/com.amazon.device/amazon-appstore-sdk/3.0.5/cb046867a6d127f404780c49287e63177e960304/amazon-appstore-sdk-3.0.5.jar: R8: Expected stack map table for method with non-linear control flow. In later version of R8, the method may be assumed not reachable.
WARNING: /Users/apple/.gradle/caches/modules-2/files-2.1/com.amazon.device/amazon-appstore-sdk/3.0.5/cb046867a6d127f404780c49287e63177e960304/amazon-appstore-sdk-3.0.5.jar: R8: Expected stack map table for method with non-linear control flow. In later version of R8, the method may be assumed not reachable.
WARNING: /Users/apple/.gradle/caches/modules-2/files-2.1/com.amazon.device/amazon-appstore-sdk/3.0.5/cb046867a6d127f404780c49287e63177e960304/amazon-appstore-sdk-3.0.5.jar: R8: Expected stack map table for method with non-linear control flow. In later version of R8, the method may be assumed not reachable.
WARNING: /Users/apple/.gradle/caches/modules-2/files-2.1/com.amazon.device/amazon-appstore-sdk/3.0.5/cb046867a6d127f404780c49287e63177e960304/amazon-appstore-sdk-3.0.5.jar: R8: Expected stack map table for method with non-linear control flow. In later version of R8, the method may be assumed not reachable.
WARNING: /Users/apple/.gradle/caches/modules-2/files-2.1/com.amazon.device/amazon-appstore-sdk/3.0.5/cb046867a6d127f404780c49287e63177e960304/amazon-appstore-sdk-3.0.5.jar: R8: Expected stack map table for method with non-linear control flow. In later version of R8, the method may be assumed not reachable.
WARNING: /Users/apple/.gradle/caches/modules-2/files-2.1/com.amazon.device/amazon-appstore-sdk/3.0.5/cb046867a6d127f404780c49287e63177e960304/amazon-appstore-sdk-3.0.5.jar: R8: Expected stack map table for method with non-linear control flow. In later version of R8, the method may be assumed not reachable.
WARNING: /Users/apple/.gradle/caches/modules-2/files-2.1/com.amazon.device/amazon-appstore-sdk/3.0.5/cb046867a6d127f404780c49287e63177e960304/amazon-appstore-sdk-3.0.5.jar: R8: Expected stack map table for method with non-linear control flow. In later version of R8, the method may be assumed not reachable.
WARNING: /Users/apple/.gradle/caches/modules-2/files-2.1/com.amazon.device/amazon-appstore-sdk/3.0.5/cb046867a6d127f404780c49287e63177e960304/amazon-appstore-sdk-3.0.5.jar: R8: Expected stack map table for method with non-linear control flow. In later version of R8, the method may be assumed not reachable.
WARNING: /Users/apple/.gradle/caches/modules-2/files-2.1/com.amazon.device/amazon-appstore-sdk/3.0.5/cb046867a6d127f404780c49287e63177e960304/amazon-appstore-sdk-3.0.5.jar: R8: Expected stack map table for method with non-linear control flow. In later version of R8, the method may be assumed not reachable.
WARNING: /Users/apple/.gradle/caches/modules-2/files-2.1/com.amazon.device/amazon-appstore-sdk/3.0.5/cb046867a6d127f404780c49287e63177e960304/amazon-appstore-sdk-3.0.5.jar: R8: Expected stack map table for method with non-linear control flow. In later version of R8, the method may be assumed not reachable.
WARNING: /Users/apple/.gradle/caches/modules-2/files-2.1/com.amazon.device/amazon-appstore-sdk/3.0.5/cb046867a6d127f404780c49287e63177e960304/amazon-appstore-sdk-3.0.5.jar: R8: Expected stack map table for method with non-linear control flow. In later version of R8, the method may be assumed not reachable.
WARNING: /Users/apple/.gradle/caches/modules-2/files-2.1/com.amazon.device/amazon-appstore-sdk/3.0.5/cb046867a6d127f404780c49287e63177e960304/amazon-appstore-sdk-3.0.5.jar: R8: Expected stack map table for method with non-linear control flow. In later version of R8, the method may be assumed not reachable.
WARNING: /Users/apple/.gradle/caches/modules-2/files-2.1/com.amazon.device/amazon-appstore-sdk/3.0.5/cb046867a6d127f404780c49287e63177e960304/amazon-appstore-sdk-3.0.5.jar: R8: Expected stack map table for method with non-linear control flow. In later version of R8, the method may be assumed not reachable.
WARNING: /Users/apple/.gradle/caches/modules-2/files-2.1/com.amazon.device/amazon-appstore-sdk/3.0.5/cb046867a6d127f404780c49287e63177e960304/amazon-appstore-sdk-3.0.5.jar: R8: Expected stack map table for method with non-linear control flow. In later version of R8, the method may be assumed not reachable.
WARNING: /Users/apple/.gradle/caches/modules-2/files-2.1/com.amazon.device/amazon-appstore-sdk/3.0.5/cb046867a6d127f404780c49287e63177e960304/amazon-appstore-sdk-3.0.5.jar: R8: Expected stack map table for method with non-linear control flow. In later version of R8, the method may be assumed not reachable.
WARNING: /Users/apple/.gradle/caches/modules-2/files-2.1/com.amazon.device/amazon-appstore-sdk/3.0.5/cb046867a6d127f404780c49287e63177e960304/amazon-appstore-sdk-3.0.5.jar: R8: Expected stack map table for method with non-linear control flow. In later version of R8, the method may be assumed not reachable.
WARNING: /Users/apple/.gradle/caches/modules-2/files-2.1/com.amazon.device/amazon-appstore-sdk/3.0.5/cb046867a6d127f404780c49287e63177e960304/amazon-appstore-sdk-3.0.5.jar: R8: Expected stack map table for method with non-linear control flow. In later version of R8, the method may be assumed not reachable.
WARNING: /Users/apple/.gradle/caches/modules-2/files-2.1/com.amazon.device/amazon-appstore-sdk/3.0.5/cb046867a6d127f404780c49287e63177e960304/amazon-appstore-sdk-3.0.5.jar: R8: Expected stack map table for method with non-linear control flow. In later version of R8, the method may be assumed not reachable.
WARNING: /Users/apple/.gradle/caches/modules-2/files-2.1/com.amazon.device/amazon-appstore-sdk/3.0.5/cb046867a6d127f404780c49287e63177e960304/amazon-appstore-sdk-3.0.5.jar: R8: Expected stack map table for method with non-linear control flow. In later version of R8, the method may be assumed not reachable.
WARNING: /Users/apple/.gradle/caches/modules-2/files-2.1/com.amazon.device/amazon-appstore-sdk/3.0.5/cb046867a6d127f404780c49287e63177e960304/amazon-appstore-sdk-3.0.5.jar: R8: Expected stack map table for method with non-linear control flow. In later version of R8, the method may be assumed not reachable.
WARNING: /Users/apple/.gradle/caches/modules-2/files-2.1/com.amazon.device/amazon-appstore-sdk/3.0.5/cb046867a6d127f404780c49287e63177e960304/amazon-appstore-sdk-3.0.5.jar: R8: Expected stack map table for method with non-linear control flow. In later version of R8, the method may be assumed not reachable.
WARNING: /Users/apple/.gradle/caches/modules-2/files-2.1/com.amazon.device/amazon-appstore-sdk/3.0.5/cb046867a6d127f404780c49287e63177e960304/amazon-appstore-sdk-3.0.5.jar: R8: Expected stack map table for method with non-linear control flow. In later version of R8, the method may be assumed not reachable.
WARNING: /Users/apple/.gradle/caches/modules-2/files-2.1/com.amazon.device/amazon-appstore-sdk/3.0.5/cb046867a6d127f404780c49287e63177e960304/amazon-appstore-sdk-3.0.5.jar: R8: Expected stack map table for method with non-linear control flow. In later version of R8, the method may be assumed not reachable.
WARNING: /Users/apple/.gradle/caches/modules-2/files-2.1/com.amazon.device/amazon-appstore-sdk/3.0.5/cb046867a6d127f404780c49287e63177e960304/amazon-appstore-sdk-3.0.5.jar: R8: Expected stack map table for method with non-linear control flow. In later version of R8, the method may be assumed not reachable.
WARNING: /Users/apple/.gradle/caches/modules-2/files-2.1/com.amazon.device/amazon-appstore-sdk/3.0.5/cb046867a6d127f404780c49287e63177e960304/amazon-appstore-sdk-3.0.5.jar: R8: Expected stack map table for method with non-linear control flow. In later version of R8, the method may be assumed not reachable.
WARNING: /Users/apple/.gradle/caches/modules-2/files-2.1/com.amazon.device/amazon-appstore-sdk/3.0.5/cb046867a6d127f404780c49287e63177e960304/amazon-appstore-sdk-3.0.5.jar: R8: Expected stack map table for method with non-linear control flow. In later version of R8, the method may be assumed not reachable.
WARNING: /Users/apple/.gradle/caches/modules-2/files-2.1/com.amazon.device/amazon-appstore-sdk/3.0.5/cb046867a6d127f404780c49287e63177e960304/amazon-appstore-sdk-3.0.5.jar: R8: Expected stack map table for method with non-linear control flow. In later version of R8, the method may be assumed not reachable.
WARNING: /Users/apple/.gradle/caches/modules-2/files-2.1/com.amazon.device/amazon-appstore-sdk/3.0.5/cb046867a6d127f404780c49287e63177e960304/amazon-appstore-sdk-3.0.5.jar: R8: Expected stack map table for method with non-linear control flow. In later version of R8, the method may be assumed not reachable.
WARNING: /Users/apple/.gradle/caches/modules-2/files-2.1/com.amazon.device/amazon-appstore-sdk/3.0.5/cb046867a6d127f404780c49287e63177e960304/amazon-appstore-sdk-3.0.5.jar: R8: Expected stack map table for method with non-linear control flow. In later version of R8, the method may be assumed not reachable.
WARNING: /Users/apple/.gradle/caches/modules-2/files-2.1/com.amazon.device/amazon-appstore-sdk/3.0.5/cb046867a6d127f404780c49287e63177e960304/amazon-appstore-sdk-3.0.5.jar: R8: Expected stack map table for method with non-linear control flow. In later version of R8, the method may be assumed not reachable.
WARNING: /Users/apple/.gradle/caches/modules-2/files-2.1/com.amazon.device/amazon-appstore-sdk/3.0.5/cb046867a6d127f404780c49287e63177e960304/amazon-appstore-sdk-3.0.5.jar: R8: Expected stack map table for method with non-linear control flow. In later version of R8, the method may be assumed not reachable.
WARNING: /Users/apple/.gradle/caches/modules-2/files-2.1/com.amazon.device/amazon-appstore-sdk/3.0.5/cb046867a6d127f404780c49287e63177e960304/amazon-appstore-sdk-3.0.5.jar: R8: Expected stack map table for method with non-linear control flow. In later version of R8, the method may be assumed not reachable.
WARNING: /Users/apple/.gradle/caches/modules-2/files-2.1/com.amazon.device/amazon-appstore-sdk/3.0.5/cb046867a6d127f404780c49287e63177e960304/amazon-appstore-sdk-3.0.5.jar: R8: Expected stack map table for method with non-linear control flow. In later version of R8, the method may be assumed not reachable.
WARNING: /Users/apple/.gradle/caches/modules-2/files-2.1/com.amazon.device/amazon-appstore-sdk/3.0.5/cb046867a6d127f404780c49287e63177e960304/amazon-appstore-sdk-3.0.5.jar: R8: Expected stack map table for method with non-linear control flow. In later version of R8, the method may be assumed not reachable.
WARNING: /Users/apple/.gradle/caches/modules-2/files-2.1/com.amazon.device/amazon-appstore-sdk/3.0.5/cb046867a6d127f404780c49287e63177e960304/amazon-appstore-sdk-3.0.5.jar: R8: Expected stack map table for method with non-linear control flow. In later version of R8, the method may be assumed not reachable.
WARNING: /Users/apple/.gradle/caches/modules-2/files-2.1/com.amazon.device/amazon-appstore-sdk/3.0.5/cb046867a6d127f404780c49287e63177e960304/amazon-appstore-sdk-3.0.5.jar: R8: Expected stack map table for method with non-linear control flow. In later version of R8, the method may be assumed not reachable.
WARNING: /Users/apple/.gradle/caches/modules-2/files-2.1/com.amazon.device/amazon-appstore-sdk/3.0.5/cb046867a6d127f404780c49287e63177e960304/amazon-appstore-sdk-3.0.5.jar: R8: Expected stack map table for method with non-linear control flow. In later version of R8, the method may be assumed not reachable.
WARNING: /Users/apple/.gradle/caches/modules-2/files-2.1/com.amazon.device/amazon-appstore-sdk/3.0.5/cb046867a6d127f404780c49287e63177e960304/amazon-appstore-sdk-3.0.5.jar: R8: Expected stack map table for method with non-linear control flow. In later version of R8, the method may be assumed not reachable.
WARNING: /Users/apple/.gradle/caches/modules-2/files-2.1/com.amazon.device/amazon-appstore-sdk/3.0.5/cb046867a6d127f404780c49287e63177e960304/amazon-appstore-sdk-3.0.5.jar: R8: Expected stack map table for method with non-linear control flow. In later version of R8, the method may be assumed not reachable.
WARNING: /Users/apple/.gradle/caches/modules-2/files-2.1/com.amazon.device/amazon-appstore-sdk/3.0.5/cb046867a6d127f404780c49287e63177e960304/amazon-appstore-sdk-3.0.5.jar: R8: Expected stack map table for method with non-linear control flow. In later version of R8, the method may be assumed not reachable.
WARNING: /Users/apple/.gradle/caches/modules-2/files-2.1/com.amazon.device/amazon-appstore-sdk/3.0.5/cb046867a6d127f404780c49287e63177e960304/amazon-appstore-sdk-3.0.5.jar: R8: Expected stack map table for method with non-linear control flow. In later version of R8, the method may be assumed not reachable.
WARNING: /Users/apple/.gradle/caches/modules-2/files-2.1/com.amazon.device/amazon-appstore-sdk/3.0.5/cb046867a6d127f404780c49287e63177e960304/amazon-appstore-sdk-3.0.5.jar: R8: Expected stack map table for method with non-linear control flow. In later version of R8, the method may be assumed not reachable.
WARNING: /Users/apple/.gradle/caches/modules-2/files-2.1/com.amazon.device/amazon-appstore-sdk/3.0.5/cb046867a6d127f404780c49287e63177e960304/amazon-appstore-sdk-3.0.5.jar: R8: Expected stack map table for method with non-linear control flow. In later version of R8, the method may be assumed not reachable.
WARNING: /Users/apple/.gradle/caches/modules-2/files-2.1/com.amazon.device/amazon-appstore-sdk/3.0.5/cb046867a6d127f404780c49287e63177e960304/amazon-appstore-sdk-3.0.5.jar: R8: Expected stack map table for method with non-linear control flow. In later version of R8, the method may be assumed not reachable.
WARNING: /Users/apple/.gradle/caches/modules-2/files-2.1/com.amazon.device/amazon-appstore-sdk/3.0.5/cb046867a6d127f404780c49287e63177e960304/amazon-appstore-sdk-3.0.5.jar: R8: Expected stack map table for method with non-linear control flow. In later version of R8, the method may be assumed not reachable.
WARNING: /Users/apple/.gradle/caches/modules-2/files-2.1/com.amazon.device/amazon-appstore-sdk/3.0.5/cb046867a6d127f404780c49287e63177e960304/amazon-appstore-sdk-3.0.5.jar: R8: Expected stack map table for method with non-linear control flow. In later version of R8, the method may be assumed not reachable.
WARNING: /Users/apple/.gradle/caches/modules-2/files-2.1/com.amazon.device/amazon-appstore-sdk/3.0.5/cb046867a6d127f404780c49287e63177e960304/amazon-appstore-sdk-3.0.5.jar: R8: Expected stack map table for method with non-linear control flow. In later version of R8, the method may be assumed not reachable.
WARNING: /Users/apple/.gradle/caches/modules-2/files-2.1/com.amazon.device/amazon-appstore-sdk/3.0.5/cb046867a6d127f404780c49287e63177e960304/amazon-appstore-sdk-3.0.5.jar: R8: Expected stack map table for method with non-linear control flow. In later version of R8, the method may be assumed not reachable.
WARNING: /Users/apple/.gradle/caches/modules-2/files-2.1/com.amazon.device/amazon-appstore-sdk/3.0.5/cb046867a6d127f404780c49287e63177e960304/amazon-appstore-sdk-3.0.5.jar: R8: Expected stack map table for method with non-linear control flow. In later version of R8, the method may be assumed not reachable.
WARNING: /Users/apple/.gradle/caches/modules-2/files-2.1/com.amazon.device/amazon-appstore-sdk/3.0.5/cb046867a6d127f404780c49287e63177e960304/amazon-appstore-sdk-3.0.5.jar: R8: Expected stack map table for method with non-linear control flow. In later version of R8, the method may be assumed not reachable.
WARNING: /Users/apple/.gradle/caches/modules-2/files-2.1/com.amazon.device/amazon-appstore-sdk/3.0.5/cb046867a6d127f404780c49287e63177e960304/amazon-appstore-sdk-3.0.5.jar: R8: Expected stack map table for method with non-linear control flow. In later version of R8, the method may be assumed not reachable.
WARNING: /Users/apple/.gradle/caches/modules-2/files-2.1/com.amazon.device/amazon-appstore-sdk/3.0.5/cb046867a6d127f404780c49287e63177e960304/amazon-appstore-sdk-3.0.5.jar: R8: Expected stack map table for method with non-linear control flow. In later version of R8, the method may be assumed not reachable.
WARNING: /Users/apple/.gradle/caches/modules-2/files-2.1/com.amazon.device/amazon-appstore-sdk/3.0.5/cb046867a6d127f404780c49287e63177e960304/amazon-appstore-sdk-3.0.5.jar: R8: Expected stack map table for method with non-linear control flow. In later version of R8, the method may be assumed not reachable.
WARNING: /Users/apple/.gradle/caches/modules-2/files-2.1/com.amazon.device/amazon-appstore-sdk/3.0.5/cb046867a6d127f404780c49287e63177e960304/amazon-appstore-sdk-3.0.5.jar: R8: Expected stack map table for method with non-linear control flow. In later version of R8, the method may be assumed not reachable.
WARNING: /Users/apple/.gradle/caches/modules-2/files-2.1/com.amazon.device/amazon-appstore-sdk/3.0.5/cb046867a6d127f404780c49287e63177e960304/amazon-appstore-sdk-3.0.5.jar: R8: Expected stack map table for method with non-linear control flow. In later version of R8, the method may be assumed not reachable.
WARNING: /Users/apple/.gradle/caches/modules-2/files-2.1/com.amazon.device/amazon-appstore-sdk/3.0.5/cb046867a6d127f404780c49287e63177e960304/amazon-appstore-sdk-3.0.5.jar: R8: Expected stack map table for method with non-linear control flow. In later version of R8, the method may be assumed not reachable.
WARNING: /Users/apple/.gradle/caches/modules-2/files-2.1/com.amazon.device/amazon-appstore-sdk/3.0.5/cb046867a6d127f404780c49287e63177e960304/amazon-appstore-sdk-3.0.5.jar: R8: Expected stack map table for method with non-linear control flow. In later version of R8, the method may be assumed not reachable.
WARNING: /Users/apple/.gradle/caches/modules-2/files-2.1/com.amazon.device/amazon-appstore-sdk/3.0.5/cb046867a6d127f404780c49287e63177e960304/amazon-appstore-sdk-3.0.5.jar: R8: Expected stack map table for method with non-linear control flow. In later version of R8, the method may be assumed not reachable.
WARNING: /Users/apple/.gradle/caches/modules-2/files-2.1/com.amazon.device/amazon-appstore-sdk/3.0.5/cb046867a6d127f404780c49287e63177e960304/amazon-appstore-sdk-3.0.5.jar: R8: Expected stack map table for method with non-linear control flow. In later version of R8, the method may be assumed not reachable.
WARNING: /Users/apple/.gradle/caches/modules-2/files-2.1/com.amazon.device/amazon-appstore-sdk/3.0.5/cb046867a6d127f404780c49287e63177e960304/amazon-appstore-sdk-3.0.5.jar: R8: Expected stack map table for method with non-linear control flow. In later version of R8, the method may be assumed not reachable.
WARNING: /Users/apple/.gradle/caches/modules-2/files-2.1/com.amazon.device/amazon-appstore-sdk/3.0.5/cb046867a6d127f404780c49287e63177e960304/amazon-appstore-sdk-3.0.5.jar: R8: Expected stack map table for method with non-linear control flow. In later version of R8, the method may be assumed not reachable.
WARNING: /Users/apple/.gradle/caches/modules-2/files-2.1/com.amazon.device/amazon-appstore-sdk/3.0.5/cb046867a6d127f404780c49287e63177e960304/amazon-appstore-sdk-3.0.5.jar: R8: Expected stack map table for method with non-linear control flow. In later version of R8, the method may be assumed not reachable.
WARNING: /Users/apple/.gradle/caches/modules-2/files-2.1/com.amazon.device/amazon-appstore-sdk/3.0.5/cb046867a6d127f404780c49287e63177e960304/amazon-appstore-sdk-3.0.5.jar: R8: Expected stack map table for method with non-linear control flow. In later version of R8, the method may be assumed not reachable.
WARNING: /Users/apple/.gradle/caches/modules-2/files-2.1/com.amazon.device/amazon-appstore-sdk/3.0.5/cb046867a6d127f404780c49287e63177e960304/amazon-appstore-sdk-3.0.5.jar: R8: Expected stack map table for method with non-linear control flow. In later version of R8, the method may be assumed not reachable.
WARNING: /Users/apple/.gradle/caches/modules-2/files-2.1/com.amazon.device/amazon-appstore-sdk/3.0.5/cb046867a6d127f404780c49287e63177e960304/amazon-appstore-sdk-3.0.5.jar: R8: Expected stack map table for method with non-linear control flow. In later version of R8, the method may be assumed not reachable.
WARNING: /Users/apple/.gradle/caches/modules-2/files-2.1/com.amazon.device/amazon-appstore-sdk/3.0.5/cb046867a6d127f404780c49287e63177e960304/amazon-appstore-sdk-3.0.5.jar: R8: Expected stack map table for method with non-linear control flow. In later version of R8, the method may be assumed not reachable.
WARNING: /Users/apple/.gradle/caches/modules-2/files-2.1/com.amazon.device/amazon-appstore-sdk/3.0.5/cb046867a6d127f404780c49287e63177e960304/amazon-appstore-sdk-3.0.5.jar: R8: Expected stack map table for method with non-linear control flow. In later version of R8, the method may be assumed not reachable.
WARNING: /Users/apple/.gradle/caches/modules-2/files-2.1/com.amazon.device/amazon-appstore-sdk/3.0.5/cb046867a6d127f404780c49287e63177e960304/amazon-appstore-sdk-3.0.5.jar: R8: Expected stack map table for method with non-linear control flow. In later version of R8, the method may be assumed not reachable.
WARNING: /Users/apple/.gradle/caches/modules-2/files-2.1/com.amazon.device/amazon-appstore-sdk/3.0.5/cb046867a6d127f404780c49287e63177e960304/amazon-appstore-sdk-3.0.5.jar: R8: Expected stack map table for method with non-linear control flow. In later version of R8, the method may be assumed not reachable.
WARNING: /Users/apple/.gradle/caches/modules-2/files-2.1/com.amazon.device/amazon-appstore-sdk/3.0.5/cb046867a6d127f404780c49287e63177e960304/amazon-appstore-sdk-3.0.5.jar: R8: Expected stack map table for method with non-linear control flow. In later version of R8, the method may be assumed not reachable.
WARNING: /Users/apple/.gradle/caches/modules-2/files-2.1/com.amazon.device/amazon-appstore-sdk/3.0.5/cb046867a6d127f404780c49287e63177e960304/amazon-appstore-sdk-3.0.5.jar: R8: Expected stack map table for method with non-linear control flow. In later version of R8, the method may be assumed not reachable.
WARNING: /Users/apple/.gradle/caches/modules-2/files-2.1/com.amazon.device/amazon-appstore-sdk/3.0.5/cb046867a6d127f404780c49287e63177e960304/amazon-appstore-sdk-3.0.5.jar: R8: Expected stack map table for method with non-linear control flow. In later version of R8, the method may be assumed not reachable.
WARNING: /Users/apple/.gradle/caches/modules-2/files-2.1/com.amazon.device/amazon-appstore-sdk/3.0.5/cb046867a6d127f404780c49287e63177e960304/amazon-appstore-sdk-3.0.5.jar: R8: Expected stack map table for method with non-linear control flow. In later version of R8, the method may be assumed not reachable.
WARNING: /Users/apple/.gradle/caches/modules-2/files-2.1/com.amazon.device/amazon-appstore-sdk/3.0.5/cb046867a6d127f404780c49287e63177e960304/amazon-appstore-sdk-3.0.5.jar: R8: Expected stack map table for method with non-linear control flow. In later version of R8, the method may be assumed not reachable.
WARNING: /Users/apple/.gradle/caches/modules-2/files-2.1/com.amazon.device/amazon-appstore-sdk/3.0.5/cb046867a6d127f404780c49287e63177e960304/amazon-appstore-sdk-3.0.5.jar: R8: Expected stack map table for method with non-linear control flow. In later version of R8, the method may be assumed not reachable.
WARNING: /Users/apple/.gradle/caches/modules-2/files-2.1/com.amazon.device/amazon-appstore-sdk/3.0.5/cb046867a6d127f404780c49287e63177e960304/amazon-appstore-sdk-3.0.5.jar: R8: Expected stack map table for method with non-linear control flow. In later version of R8, the method may be assumed not reachable.
WARNING: /Users/apple/.gradle/caches/modules-2/files-2.1/com.amazon.device/amazon-appstore-sdk/3.0.5/cb046867a6d127f404780c49287e63177e960304/amazon-appstore-sdk-3.0.5.jar: R8: Expected stack map table for method with non-linear control flow. In later version of R8, the method may be assumed not reachable.
WARNING: /Users/apple/.gradle/caches/modules-2/files-2.1/com.amazon.device/amazon-appstore-sdk/3.0.5/cb046867a6d127f404780c49287e63177e960304/amazon-appstore-sdk-3.0.5.jar: R8: Expected stack map table for method with non-linear control flow. In later version of R8, the method may be assumed not reachable.
WARNING: /Users/apple/.gradle/caches/modules-2/files-2.1/com.amazon.device/amazon-appstore-sdk/3.0.5/cb046867a6d127f404780c49287e63177e960304/amazon-appstore-sdk-3.0.5.jar: R8: Expected stack map table for method with non-linear control flow. In later version of R8, the method may be assumed not reachable.
WARNING: /Users/apple/.gradle/caches/modules-2/files-2.1/com.amazon.device/amazon-appstore-sdk/3.0.5/cb046867a6d127f404780c49287e63177e960304/amazon-appstore-sdk-3.0.5.jar: R8: Expected stack map table for method with non-linear control flow. In later version of R8, the method may be assumed not reachable.
WARNING: /Users/apple/.gradle/caches/modules-2/files-2.1/com.amazon.device/amazon-appstore-sdk/3.0.5/cb046867a6d127f404780c49287e63177e960304/amazon-appstore-sdk-3.0.5.jar: R8: Expected stack map table for method with non-linear control flow. In later version of R8, the method may be assumed not reachable.
WARNING: /Users/apple/.gradle/caches/modules-2/files-2.1/com.amazon.device/amazon-appstore-sdk/3.0.5/cb046867a6d127f404780c49287e63177e960304/amazon-appstore-sdk-3.0.5.jar: R8: Expected stack map table for method with non-linear control flow. In later version of R8, the method may be assumed not reachable.
WARNING: /Users/apple/.gradle/caches/modules-2/files-2.1/com.amazon.device/amazon-appstore-sdk/3.0.5/cb046867a6d127f404780c49287e63177e960304/amazon-appstore-sdk-3.0.5.jar: R8: Expected stack map table for method with non-linear control flow. In later version of R8, the method may be assumed not reachable.
WARNING: /Users/apple/.gradle/caches/modules-2/files-2.1/com.amazon.device/amazon-appstore-sdk/3.0.5/cb046867a6d127f404780c49287e63177e960304/amazon-appstore-sdk-3.0.5.jar: R8: Expected stack map table for method with non-linear control flow. In later version of R8, the method may be assumed not reachable.
WARNING: /Users/apple/.gradle/caches/modules-2/files-2.1/com.amazon.device/amazon-appstore-sdk/3.0.5/cb046867a6d127f404780c49287e63177e960304/amazon-appstore-sdk-3.0.5.jar: R8: Expected stack map table for method with non-linear control flow. In later version of R8, the method may be assumed not reachable.
WARNING: /Users/apple/.gradle/caches/modules-2/files-2.1/com.amazon.device/amazon-appstore-sdk/3.0.5/cb046867a6d127f404780c49287e63177e960304/amazon-appstore-sdk-3.0.5.jar: R8: Expected stack map table for method with non-linear control flow. In later version of R8, the method may be assumed not reachable.
WARNING: /Users/apple/.gradle/caches/modules-2/files-2.1/com.amazon.device/amazon-appstore-sdk/3.0.5/cb046867a6d127f404780c49287e63177e960304/amazon-appstore-sdk-3.0.5.jar: R8: Expected stack map table for method with non-linear control flow. In later version of R8, the method may be assumed not reachable.
WARNING: /Users/apple/.gradle/caches/modules-2/files-2.1/com.amazon.device/amazon-appstore-sdk/3.0.5/cb046867a6d127f404780c49287e63177e960304/amazon-appstore-sdk-3.0.5.jar: R8: Expected stack map table for method with non-linear control flow. In later version of R8, the method may be assumed not reachable.
WARNING: /Users/apple/.gradle/caches/modules-2/files-2.1/com.amazon.device/amazon-appstore-sdk/3.0.5/cb046867a6d127f404780c49287e63177e960304/amazon-appstore-sdk-3.0.5.jar: R8: Expected stack map table for method with non-linear control flow. In later version of R8, the method may be assumed not reachable.
WARNING: /Users/apple/.gradle/caches/modules-2/files-2.1/com.amazon.device/amazon-appstore-sdk/3.0.5/cb046867a6d127f404780c49287e63177e960304/amazon-appstore-sdk-3.0.5.jar: R8: Expected stack map table for method with non-linear control flow. In later version of R8, the method may be assumed not reachable.
WARNING: /Users/apple/.gradle/caches/modules-2/files-2.1/com.amazon.device/amazon-appstore-sdk/3.0.5/cb046867a6d127f404780c49287e63177e960304/amazon-appstore-sdk-3.0.5.jar: R8: Expected stack map table for method with non-linear control flow. In later version of R8, the method may be assumed not reachable.
WARNING: /Users/apple/.gradle/caches/modules-2/files-2.1/com.amazon.device/amazon-appstore-sdk/3.0.5/cb046867a6d127f404780c49287e63177e960304/amazon-appstore-sdk-3.0.5.jar: R8: Expected stack map table for method with non-linear control flow. In later version of R8, the method may be assumed not reachable.
WARNING: /Users/apple/.gradle/caches/modules-2/files-2.1/com.amazon.device/amazon-appstore-sdk/3.0.5/cb046867a6d127f404780c49287e63177e960304/amazon-appstore-sdk-3.0.5.jar: R8: Expected stack map table for method with non-linear control flow. In later version of R8, the method may be assumed not reachable.
WARNING: /Users/apple/.gradle/caches/modules-2/files-2.1/com.amazon.device/amazon-appstore-sdk/3.0.5/cb046867a6d127f404780c49287e63177e960304/amazon-appstore-sdk-3.0.5.jar: R8: Expected stack map table for method with non-linear control flow. In later version of R8, the method may be assumed not reachable.
WARNING: /Users/apple/.gradle/caches/modules-2/files-2.1/com.amazon.device/amazon-appstore-sdk/3.0.5/cb046867a6d127f404780c49287e63177e960304/amazon-appstore-sdk-3.0.5.jar: R8: Expected stack map table for method with non-linear control flow. In later version of R8, the method may be assumed not reachable.
WARNING: /Users/apple/.gradle/caches/modules-2/files-2.1/com.amazon.device/amazon-appstore-sdk/3.0.5/cb046867a6d127f404780c49287e63177e960304/amazon-appstore-sdk-3.0.5.jar: R8: Expected stack map table for method with non-linear control flow. In later version of R8, the method may be assumed not reachable.
WARNING: /Users/apple/.gradle/caches/modules-2/files-2.1/com.amazon.device/amazon-appstore-sdk/3.0.5/cb046867a6d127f404780c49287e63177e960304/amazon-appstore-sdk-3.0.5.jar: R8: Expected stack map table for method with non-linear control flow. In later version of R8, the method may be assumed not reachable.
WARNING: /Users/apple/.gradle/caches/modules-2/files-2.1/com.amazon.device/amazon-appstore-sdk/3.0.5/cb046867a6d127f404780c49287e63177e960304/amazon-appstore-sdk-3.0.5.jar: R8: Expected stack map table for method with non-linear control flow. In later version of R8, the method may be assumed not reachable.
WARNING: /Users/apple/.gradle/caches/modules-2/files-2.1/com.amazon.device/amazon-appstore-sdk/3.0.5/cb046867a6d127f404780c49287e63177e960304/amazon-appstore-sdk-3.0.5.jar: R8: Expected stack map table for method with non-linear control flow. In later version of R8, the method may be assumed not reachable.
WARNING: /Users/apple/.gradle/caches/modules-2/files-2.1/com.amazon.device/amazon-appstore-sdk/3.0.5/cb046867a6d127f404780c49287e63177e960304/amazon-appstore-sdk-3.0.5.jar: R8: Expected stack map table for method with non-linear control flow. In later version of R8, the method may be assumed not reachable.
WARNING: /Users/apple/.gradle/caches/modules-2/files-2.1/com.amazon.device/amazon-appstore-sdk/3.0.5/cb046867a6d127f404780c49287e63177e960304/amazon-appstore-sdk-3.0.5.jar: R8: Expected stack map table for method with non-linear control flow. In later version of R8, the method may be assumed not reachable.
WARNING: /Users/apple/.gradle/caches/modules-2/files-2.1/com.amazon.device/amazon-appstore-sdk/3.0.5/cb046867a6d127f404780c49287e63177e960304/amazon-appstore-sdk-3.0.5.jar: R8: Expected stack map table for method with non-linear control flow. In later version of R8, the method may be assumed not reachable.
WARNING: /Users/apple/.gradle/caches/modules-2/files-2.1/com.amazon.device/amazon-appstore-sdk/3.0.5/cb046867a6d127f404780c49287e63177e960304/amazon-appstore-sdk-3.0.5.jar: R8: Expected stack map table for method with non-linear control flow. In later version of R8, the method may be assumed not reachable.
WARNING: /Users/apple/.gradle/caches/modules-2/files-2.1/com.amazon.device/amazon-appstore-sdk/3.0.5/cb046867a6d127f404780c49287e63177e960304/amazon-appstore-sdk-3.0.5.jar: R8: Expected stack map table for method with non-linear control flow. In later version of R8, the method may be assumed not reachable.
WARNING: /Users/apple/.gradle/caches/modules-2/files-2.1/com.amazon.device/amazon-appstore-sdk/3.0.5/cb046867a6d127f404780c49287e63177e960304/amazon-appstore-sdk-3.0.5.jar: R8: Expected stack map table for method with non-linear control flow. In later version of R8, the method may be assumed not reachable.
WARNING: /Users/apple/.gradle/caches/modules-2/files-2.1/com.amazon.device/amazon-appstore-sdk/3.0.5/cb046867a6d127f404780c49287e63177e960304/amazon-appstore-sdk-3.0.5.jar: R8: Expected stack map table for method with non-linear control flow. In later version of R8, the method may be assumed not reachable.
WARNING: /Users/apple/.gradle/caches/modules-2/files-2.1/com.amazon.device/amazon-appstore-sdk/3.0.5/cb046867a6d127f404780c49287e63177e960304/amazon-appstore-sdk-3.0.5.jar: R8: Expected stack map table for method with non-linear control flow. In later version of R8, the method may be assumed not reachable.
WARNING: /Users/apple/.gradle/caches/modules-2/files-2.1/com.amazon.device/amazon-appstore-sdk/3.0.5/cb046867a6d127f404780c49287e63177e960304/amazon-appstore-sdk-3.0.5.jar: R8: Expected stack map table for method with non-linear control flow. In later version of R8, the method may be assumed not reachable.
WARNING: /Users/apple/.gradle/caches/modules-2/files-2.1/com.amazon.device/amazon-appstore-sdk/3.0.5/cb046867a6d127f404780c49287e63177e960304/amazon-appstore-sdk-3.0.5.jar: R8: Expected stack map table for method with non-linear control flow. In later version of R8, the method may be assumed not reachable.
WARNING: /Users/apple/.gradle/caches/modules-2/files-2.1/com.amazon.device/amazon-appstore-sdk/3.0.5/cb046867a6d127f404780c49287e63177e960304/amazon-appstore-sdk-3.0.5.jar: R8: Expected stack map table for method with non-linear control flow. In later version of R8, the method may be assumed not reachable.
WARNING: /Users/apple/.gradle/caches/modules-2/files-2.1/com.amazon.device/amazon-appstore-sdk/3.0.5/cb046867a6d127f404780c49287e63177e960304/amazon-appstore-sdk-3.0.5.jar: R8: Expected stack map table for method with non-linear control flow. In later version of R8, the method may be assumed not reachable.
WARNING: /Users/apple/.gradle/caches/modules-2/files-2.1/com.amazon.device/amazon-appstore-sdk/3.0.5/cb046867a6d127f404780c49287e63177e960304/amazon-appstore-sdk-3.0.5.jar: R8: Expected stack map table for method with non-linear control flow. In later version of R8, the method may be assumed not reachable.
WARNING: /Users/apple/.gradle/caches/modules-2/files-2.1/com.amazon.device/amazon-appstore-sdk/3.0.5/cb046867a6d127f404780c49287e63177e960304/amazon-appstore-sdk-3.0.5.jar: R8: Expected stack map table for method with non-linear control flow. In later version of R8, the method may be assumed not reachable.
WARNING: /Users/apple/.gradle/caches/modules-2/files-2.1/com.amazon.device/amazon-appstore-sdk/3.0.5/cb046867a6d127f404780c49287e63177e960304/amazon-appstore-sdk-3.0.5.jar: R8: Expected stack map table for method with non-linear control flow. In later version of R8, the method may be assumed not reachable.
WARNING: /Users/apple/.gradle/caches/modules-2/files-2.1/com.amazon.device/amazon-appstore-sdk/3.0.5/cb046867a6d127f404780c49287e63177e960304/amazon-appstore-sdk-3.0.5.jar: R8: Expected stack map table for method with non-linear control flow. In later version of R8, the method may be assumed not reachable.
WARNING: /Users/apple/.gradle/caches/modules-2/files-2.1/com.amazon.device/amazon-appstore-sdk/3.0.5/cb046867a6d127f404780c49287e63177e960304/amazon-appstore-sdk-3.0.5.jar: R8: Expected stack map table for method with non-linear control flow. In later version of R8, the method may be assumed not reachable.
WARNING: /Users/apple/.gradle/caches/modules-2/files-2.1/com.amazon.device/amazon-appstore-sdk/3.0.5/cb046867a6d127f404780c49287e63177e960304/amazon-appstore-sdk-3.0.5.jar: R8: Expected stack map table for method with non-linear control flow. In later version of R8, the method may be assumed not reachable.
WARNING: /Users/apple/.gradle/caches/modules-2/files-2.1/com.amazon.device/amazon-appstore-sdk/3.0.5/cb046867a6d127f404780c49287e63177e960304/amazon-appstore-sdk-3.0.5.jar: R8: Expected stack map table for method with non-linear control flow. In later version of R8, the method may be assumed not reachable.
WARNING: /Users/apple/.gradle/caches/modules-2/files-2.1/com.amazon.device/amazon-appstore-sdk/3.0.5/cb046867a6d127f404780c49287e63177e960304/amazon-appstore-sdk-3.0.5.jar: R8: Expected stack map table for method with non-linear control flow. In later version of R8, the method may be assumed not reachable.
WARNING: /Users/apple/.gradle/caches/modules-2/files-2.1/com.amazon.device/amazon-appstore-sdk/3.0.5/cb046867a6d127f404780c49287e63177e960304/amazon-appstore-sdk-3.0.5.jar: R8: Expected stack map table for method with non-linear control flow. In later version of R8, the method may be assumed not reachable.
WARNING: /Users/apple/.gradle/caches/modules-2/files-2.1/com.amazon.device/amazon-appstore-sdk/3.0.5/cb046867a6d127f404780c49287e63177e960304/amazon-appstore-sdk-3.0.5.jar: R8: Expected stack map table for method with non-linear control flow. In later version of R8, the method may be assumed not reachable.
WARNING: /Users/apple/.gradle/caches/modules-2/files-2.1/com.amazon.device/amazon-appstore-sdk/3.0.5/cb046867a6d127f404780c49287e63177e960304/amazon-appstore-sdk-3.0.5.jar: R8: Expected stack map table for method with non-linear control flow. In later version of R8, the method may be assumed not reachable.
WARNING: /Users/apple/.gradle/caches/modules-2/files-2.1/com.amazon.device/amazon-appstore-sdk/3.0.5/cb046867a6d127f404780c49287e63177e960304/amazon-appstore-sdk-3.0.5.jar: R8: Expected stack map table for method with non-linear control flow. In later version of R8, the method may be assumed not reachable.
WARNING: /Users/apple/.gradle/caches/modules-2/files-2.1/com.amazon.device/amazon-appstore-sdk/3.0.5/cb046867a6d127f404780c49287e63177e960304/amazon-appstore-sdk-3.0.5.jar: R8: Expected stack map table for method with non-linear control flow. In later version of R8, the method may be assumed not reachable.
WARNING: /Users/apple/.gradle/caches/modules-2/files-2.1/com.amazon.device/amazon-appstore-sdk/3.0.5/cb046867a6d127f404780c49287e63177e960304/amazon-appstore-sdk-3.0.5.jar: R8: Expected stack map table for method with non-linear control flow. In later version of R8, the method may be assumed not reachable.
WARNING: /Users/apple/.gradle/caches/modules-2/files-2.1/com.amazon.device/amazon-appstore-sdk/3.0.5/cb046867a6d127f404780c49287e63177e960304/amazon-appstore-sdk-3.0.5.jar: R8: Expected stack map table for method with non-linear control flow. In later version of R8, the method may be assumed not reachable.
WARNING: /Users/apple/.gradle/caches/modules-2/files-2.1/com.amazon.device/amazon-appstore-sdk/3.0.5/cb046867a6d127f404780c49287e63177e960304/amazon-appstore-sdk-3.0.5.jar: R8: Expected stack map table for method with non-linear control flow. In later version of R8, the method may be assumed not reachable.
WARNING: /Users/apple/.gradle/caches/modules-2/files-2.1/com.amazon.device/amazon-appstore-sdk/3.0.5/cb046867a6d127f404780c49287e63177e960304/amazon-appstore-sdk-3.0.5.jar: R8: Expected stack map table for method with non-linear control flow. In later version of R8, the method may be assumed not reachable.
WARNING: /Users/apple/.gradle/caches/modules-2/files-2.1/com.amazon.device/amazon-appstore-sdk/3.0.5/cb046867a6d127f404780c49287e63177e960304/amazon-appstore-sdk-3.0.5.jar: R8: Expected stack map table for method with non-linear control flow. In later version of R8, the method may be assumed not reachable.
WARNING: /Users/apple/.gradle/caches/modules-2/files-2.1/com.amazon.device/amazon-appstore-sdk/3.0.5/cb046867a6d127f404780c49287e63177e960304/amazon-appstore-sdk-3.0.5.jar: R8: Expected stack map table for method with non-linear control flow. In later version of R8, the method may be assumed not reachable.
WARNING: /Users/apple/.gradle/caches/modules-2/files-2.1/com.amazon.device/amazon-appstore-sdk/3.0.5/cb046867a6d127f404780c49287e63177e960304/amazon-appstore-sdk-3.0.5.jar: R8: Expected stack map table for method with non-linear control flow. In later version of R8, the method may be assumed not reachable.
WARNING: /Users/apple/.gradle/caches/modules-2/files-2.1/com.amazon.device/amazon-appstore-sdk/3.0.5/cb046867a6d127f404780c49287e63177e960304/amazon-appstore-sdk-3.0.5.jar: R8: Expected stack map table for method with non-linear control flow. In later version of R8, the method may be assumed not reachable.
WARNING: /Users/apple/.gradle/caches/modules-2/files-2.1/com.amazon.device/amazon-appstore-sdk/3.0.5/cb046867a6d127f404780c49287e63177e960304/amazon-appstore-sdk-3.0.5.jar: R8: Expected stack map table for method with non-linear control flow. In later version of R8, the method may be assumed not reachable.
WARNING: /Users/apple/.gradle/caches/modules-2/files-2.1/com.amazon.device/amazon-appstore-sdk/3.0.5/cb046867a6d127f404780c49287e63177e960304/amazon-appstore-sdk-3.0.5.jar: R8: Expected stack map table for method with non-linear control flow. In later version of R8, the method may be assumed not reachable.
WARNING: /Users/apple/.gradle/caches/modules-2/files-2.1/com.amazon.device/amazon-appstore-sdk/3.0.5/cb046867a6d127f404780c49287e63177e960304/amazon-appstore-sdk-3.0.5.jar: R8: Expected stack map table for method with non-linear control flow. In later version of R8, the method may be assumed not reachable.
WARNING: /Users/apple/.gradle/caches/modules-2/files-2.1/com.amazon.device/amazon-appstore-sdk/3.0.5/cb046867a6d127f404780c49287e63177e960304/amazon-appstore-sdk-3.0.5.jar: R8: Expected stack map table for method with non-linear control flow. In later version of R8, the method may be assumed not reachable.
WARNING: /Users/apple/.gradle/caches/modules-2/files-2.1/com.amazon.device/amazon-appstore-sdk/3.0.5/cb046867a6d127f404780c49287e63177e960304/amazon-appstore-sdk-3.0.5.jar: R8: Expected stack map table for method with non-linear control flow. In later version of R8, the method may be assumed not reachable.
WARNING: /Users/apple/.gradle/caches/modules-2/files-2.1/com.amazon.device/amazon-appstore-sdk/3.0.5/cb046867a6d127f404780c49287e63177e960304/amazon-appstore-sdk-3.0.5.jar: R8: Expected stack map table for method with non-linear control flow. In later version of R8, the method may be assumed not reachable.
WARNING: /Users/apple/.gradle/caches/modules-2/files-2.1/com.amazon.device/amazon-appstore-sdk/3.0.5/cb046867a6d127f404780c49287e63177e960304/amazon-appstore-sdk-3.0.5.jar: R8: Expected stack map table for method with non-linear control flow. In later version of R8, the method may be assumed not reachable.
WARNING: /Users/apple/.gradle/caches/modules-2/files-2.1/com.amazon.device/amazon-appstore-sdk/3.0.5/cb046867a6d127f404780c49287e63177e960304/amazon-appstore-sdk-3.0.5.jar: R8: Expected stack map table for method with non-linear control flow. In later version of R8, the method may be assumed not reachable.
WARNING: /Users/apple/.gradle/caches/modules-2/files-2.1/com.amazon.device/amazon-appstore-sdk/3.0.5/cb046867a6d127f404780c49287e63177e960304/amazon-appstore-sdk-3.0.5.jar: R8: Expected stack map table for method with non-linear control flow. In later version of R8, the method may be assumed not reachable.
WARNING: /Users/apple/.gradle/caches/modules-2/files-2.1/com.amazon.device/amazon-appstore-sdk/3.0.5/cb046867a6d127f404780c49287e63177e960304/amazon-appstore-sdk-3.0.5.jar: R8: Expected stack map table for method with non-linear control flow. In later version of R8, the method may be assumed not reachable.
WARNING: /Users/apple/.gradle/caches/modules-2/files-2.1/com.amazon.device/amazon-appstore-sdk/3.0.5/cb046867a6d127f404780c49287e63177e960304/amazon-appstore-sdk-3.0.5.jar: R8: Expected stack map table for method with non-linear control flow. In later version of R8, the method may be assumed not reachable.
WARNING: /Users/apple/.gradle/caches/modules-2/files-2.1/com.amazon.device/amazon-appstore-sdk/3.0.5/cb046867a6d127f404780c49287e63177e960304/amazon-appstore-sdk-3.0.5.jar: R8: Expected stack map table for method with non-linear control flow. In later version of R8, the method may be assumed not reachable.
WARNING: /Users/apple/.gradle/caches/modules-2/files-2.1/com.amazon.device/amazon-appstore-sdk/3.0.5/cb046867a6d127f404780c49287e63177e960304/amazon-appstore-sdk-3.0.5.jar: R8: Expected stack map table for method with non-linear control flow. In later version of R8, the method may be assumed not reachable.
WARNING: /Users/apple/.gradle/caches/modules-2/files-2.1/com.amazon.device/amazon-appstore-sdk/3.0.5/cb046867a6d127f404780c49287e63177e960304/amazon-appstore-sdk-3.0.5.jar: R8: Expected stack map table for method with non-linear control flow. In later version of R8, the method may be assumed not reachable.
WARNING: /Users/apple/.gradle/caches/modules-2/files-2.1/com.amazon.device/amazon-appstore-sdk/3.0.5/cb046867a6d127f404780c49287e63177e960304/amazon-appstore-sdk-3.0.5.jar: R8: Expected stack map table for method with non-linear control flow. In later version of R8, the method may be assumed not reachable.
WARNING: /Users/apple/.gradle/caches/modules-2/files-2.1/com.amazon.device/amazon-appstore-sdk/3.0.5/cb046867a6d127f404780c49287e63177e960304/amazon-appstore-sdk-3.0.5.jar: R8: Expected stack map table for method with non-linear control flow. In later version of R8, the method may be assumed not reachable.
WARNING: /Users/apple/.gradle/caches/modules-2/files-2.1/com.amazon.device/amazon-appstore-sdk/3.0.5/cb046867a6d127f404780c49287e63177e960304/amazon-appstore-sdk-3.0.5.jar: R8: Expected stack map table for method with non-linear control flow. In later version of R8, the method may be assumed not reachable.
WARNING: /Users/apple/.gradle/caches/modules-2/files-2.1/com.amazon.device/amazon-appstore-sdk/3.0.5/cb046867a6d127f404780c49287e63177e960304/amazon-appstore-sdk-3.0.5.jar: R8: Expected stack map table for method with non-linear control flow. In later version of R8, the method may be assumed not reachable.
WARNING: /Users/apple/.gradle/caches/modules-2/files-2.1/com.amazon.device/amazon-appstore-sdk/3.0.5/cb046867a6d127f404780c49287e63177e960304/amazon-appstore-sdk-3.0.5.jar: R8: Expected stack map table for method with non-linear control flow. In later version of R8, the method may be assumed not reachable.
WARNING: /Users/apple/.gradle/caches/modules-2/files-2.1/com.amazon.device/amazon-appstore-sdk/3.0.5/cb046867a6d127f404780c49287e63177e960304/amazon-appstore-sdk-3.0.5.jar: R8: Expected stack map table for method with non-linear control flow. In later version of R8, the method may be assumed not reachable.
WARNING: /Users/apple/.gradle/caches/modules-2/files-2.1/com.amazon.device/amazon-appstore-sdk/3.0.5/cb046867a6d127f404780c49287e63177e960304/amazon-appstore-sdk-3.0.5.jar: R8: Expected stack map table for method with non-linear control flow. In later version of R8, the method may be assumed not reachable.
WARNING: /Users/apple/.gradle/caches/modules-2/files-2.1/com.amazon.device/amazon-appstore-sdk/3.0.5/cb046867a6d127f404780c49287e63177e960304/amazon-appstore-sdk-3.0.5.jar: R8: Expected stack map table for method with non-linear control flow. In later version of R8, the method may be assumed not reachable.
WARNING: /Users/apple/.gradle/caches/modules-2/files-2.1/com.amazon.device/amazon-appstore-sdk/3.0.5/cb046867a6d127f404780c49287e63177e960304/amazon-appstore-sdk-3.0.5.jar: R8: Expected stack map table for method with non-linear control flow. In later version of R8, the method may be assumed not reachable.
WARNING: /Users/apple/.gradle/caches/modules-2/files-2.1/com.amazon.device/amazon-appstore-sdk/3.0.5/cb046867a6d127f404780c49287e63177e960304/amazon-appstore-sdk-3.0.5.jar: R8: Expected stack map table for method with non-linear control flow. In later version of R8, the method may be assumed not reachable.
WARNING: /Users/apple/.gradle/caches/modules-2/files-2.1/com.amazon.device/amazon-appstore-sdk/3.0.5/cb046867a6d127f404780c49287e63177e960304/amazon-appstore-sdk-3.0.5.jar: R8: Expected stack map table for method with non-linear control flow. In later version of R8, the method may be assumed not reachable.
WARNING: /Users/apple/.gradle/caches/modules-2/files-2.1/com.amazon.device/amazon-appstore-sdk/3.0.5/cb046867a6d127f404780c49287e63177e960304/amazon-appstore-sdk-3.0.5.jar: R8: Expected stack map table for method with non-linear control flow. In later version of R8, the method may be assumed not reachable.
WARNING: /Users/apple/.gradle/caches/modules-2/files-2.1/com.amazon.device/amazon-appstore-sdk/3.0.5/cb046867a6d127f404780c49287e63177e960304/amazon-appstore-sdk-3.0.5.jar: R8: Expected stack map table for method with non-linear control flow. In later version of R8, the method may be assumed not reachable.
WARNING: /Users/apple/.gradle/caches/modules-2/files-2.1/com.amazon.device/amazon-appstore-sdk/3.0.5/cb046867a6d127f404780c49287e63177e960304/amazon-appstore-sdk-3.0.5.jar: R8: Expected stack map table for method with non-linear control flow. In later version of R8, the method may be assumed not reachable.
WARNING: /Users/apple/.gradle/caches/modules-2/files-2.1/com.amazon.device/amazon-appstore-sdk/3.0.5/cb046867a6d127f404780c49287e63177e960304/amazon-appstore-sdk-3.0.5.jar: R8: Expected stack map table for method with non-linear control flow. In later version of R8, the method may be assumed not reachable.
WARNING: /Users/apple/.gradle/caches/9.0.0/transforms/4a0864e77273aa5c8a3ad9274257ca4b/transformed/play-services-auth-21.5.0-runtime.jar: R8: Invalid stack map table at instruction index 10: invokespecial Lcom/google/android/gms/common/api/Api$AbstractClientBuilder;<init>()V, error: Constructor mismatch, expected constructor from com.google.android.gms.auth.api.zba, but was com.google.android.gms.common.api.Api$AbstractClientBuilder.<init>(). In later version of R8, the method may be assumed not reachable.
WARNING: /Users/apple/.gradle/caches/9.0.0/transforms/4a0864e77273aa5c8a3ad9274257ca4b/transformed/play-services-auth-21.5.0-runtime.jar: R8: Invalid stack map table at instruction index 2: invokespecial Ljava/lang/Object;<init>()V, error: Constructor mismatch, expected constructor from com.google.android.gms.auth.api.identity.zbb, but was java.lang.Object.<init>(). In later version of R8, the method may be assumed not reachable.
WARNING: /Users/apple/.gradle/caches/9.0.0/transforms/4a0864e77273aa5c8a3ad9274257ca4b/transformed/play-services-auth-21.5.0-runtime.jar: R8: Invalid stack map table at instruction index 2: invokespecial Ljava/lang/Object;<init>()V, error: Constructor mismatch, expected constructor from com.google.android.gms.auth.api.identity.zbc, but was java.lang.Object.<init>(). In later version of R8, the method may be assumed not reachable.
WARNING: /Users/apple/.gradle/caches/9.0.0/transforms/4a0864e77273aa5c8a3ad9274257ca4b/transformed/play-services-auth-21.5.0-runtime.jar: R8: Invalid stack map table at instruction index 2: invokespecial Ljava/lang/Object;<init>()V, error: Constructor mismatch, expected constructor from com.google.android.gms.auth.api.identity.zbl, but was java.lang.Object.<init>(). In later version of R8, the method may be assumed not reachable.
WARNING: /Users/apple/.gradle/caches/9.0.0/transforms/4a0864e77273aa5c8a3ad9274257ca4b/transformed/play-services-auth-21.5.0-runtime.jar: R8: Invalid stack map table at instruction index 2: invokespecial Ljava/lang/Object;<init>()V, error: Constructor mismatch, expected constructor from com.google.android.gms.auth.api.identity.zbm, but was java.lang.Object.<init>(). In later version of R8, the method may be assumed not reachable.
WARNING: /Users/apple/.gradle/caches/9.0.0/transforms/4a0864e77273aa5c8a3ad9274257ca4b/transformed/play-services-auth-21.5.0-runtime.jar: R8: Invalid stack map table at instruction index 2: invokespecial Ljava/lang/Object;<init>()V, error: Constructor mismatch, expected constructor from com.google.android.gms.auth.api.identity.zbn, but was java.lang.Object.<init>(). In later version of R8, the method may be assumed not reachable.
WARNING: /Users/apple/.gradle/caches/9.0.0/transforms/4a0864e77273aa5c8a3ad9274257ca4b/transformed/play-services-auth-21.5.0-runtime.jar: R8: Invalid stack map table at instruction index 2: invokespecial Ljava/lang/Object;<init>()V, error: Constructor mismatch, expected constructor from com.google.android.gms.auth.api.identity.zbo, but was java.lang.Object.<init>(). In later version of R8, the method may be assumed not reachable.
WARNING: /Users/apple/.gradle/caches/9.0.0/transforms/4a0864e77273aa5c8a3ad9274257ca4b/transformed/play-services-auth-21.5.0-runtime.jar: R8: Invalid stack map table at instruction index 2: invokespecial Ljava/lang/Object;<init>()V, error: Constructor mismatch, expected constructor from com.google.android.gms.auth.api.identity.zbe, but was java.lang.Object.<init>(). In later version of R8, the method may be assumed not reachable.
WARNING: /Users/apple/.gradle/caches/9.0.0/transforms/4a0864e77273aa5c8a3ad9274257ca4b/transformed/play-services-auth-21.5.0-runtime.jar: R8: Invalid stack map table at instruction index 2: invokespecial Ljava/lang/Object;<init>()V, error: Constructor mismatch, expected constructor from com.google.android.gms.auth.api.identity.zbd, but was java.lang.Object.<init>(). In later version of R8, the method may be assumed not reachable.
WARNING: /Users/apple/.gradle/caches/9.0.0/transforms/4a0864e77273aa5c8a3ad9274257ca4b/transformed/play-services-auth-21.5.0-runtime.jar: R8: Invalid stack map table at instruction index 2: invokespecial Ljava/lang/Object;<init>()V, error: Constructor mismatch, expected constructor from com.google.android.gms.auth.api.identity.zbh, but was java.lang.Object.<init>(). In later version of R8, the method may be assumed not reachable.
WARNING: /Users/apple/.gradle/caches/9.0.0/transforms/4a0864e77273aa5c8a3ad9274257ca4b/transformed/play-services-auth-21.5.0-runtime.jar: R8: Invalid stack map table at instruction index 2: invokespecial Ljava/lang/Object;<init>()V, error: Constructor mismatch, expected constructor from com.google.android.gms.auth.api.identity.zbj, but was java.lang.Object.<init>(). In later version of R8, the method may be assumed not reachable.
WARNING: /Users/apple/.gradle/caches/9.0.0/transforms/4a0864e77273aa5c8a3ad9274257ca4b/transformed/play-services-auth-21.5.0-runtime.jar: R8: Invalid stack map table at instruction index 2: invokespecial Ljava/lang/Object;<init>()V, error: Constructor mismatch, expected constructor from com.google.android.gms.auth.api.identity.zbk, but was java.lang.Object.<init>(). In later version of R8, the method may be assumed not reachable.
WARNING: /Users/apple/.gradle/caches/9.0.0/transforms/4a0864e77273aa5c8a3ad9274257ca4b/transformed/play-services-auth-21.5.0-runtime.jar: R8: Invalid stack map table at instruction index 7: invokespecial Ljava/lang/Object;<init>()V, error: Constructor mismatch, expected constructor from com.google.android.gms.auth.api.identity.zbv, but was java.lang.Object.<init>(). In later version of R8, the method may be assumed not reachable.
WARNING: /Users/apple/.gradle/caches/9.0.0/transforms/4a0864e77273aa5c8a3ad9274257ca4b/transformed/play-services-auth-21.5.0-runtime.jar: R8: Invalid stack map table at instruction index 7: invokespecial Ljava/lang/Object;<init>()V, error: Constructor mismatch, expected constructor from com.google.android.gms.auth.api.identity.zbi, but was java.lang.Object.<init>(). In later version of R8, the method may be assumed not reachable.
WARNING: /Users/apple/.gradle/caches/9.0.0/transforms/4a0864e77273aa5c8a3ad9274257ca4b/transformed/play-services-auth-21.5.0-runtime.jar: R8: Invalid stack map table at instruction index 2: invokespecial Ljava/lang/Object;<init>()V, error: Constructor mismatch, expected constructor from com.google.android.gms.auth.api.identity.zbp, but was java.lang.Object.<init>(). In later version of R8, the method may be assumed not reachable.
WARNING: /Users/apple/.gradle/caches/9.0.0/transforms/4a0864e77273aa5c8a3ad9274257ca4b/transformed/play-services-auth-21.5.0-runtime.jar: R8: Invalid stack map table at instruction index 2: invokespecial Ljava/lang/Object;<init>()V, error: Constructor mismatch, expected constructor from com.google.android.gms.auth.api.identity.zbr, but was java.lang.Object.<init>(). In later version of R8, the method may be assumed not reachable.
WARNING: /Users/apple/.gradle/caches/9.0.0/transforms/4a0864e77273aa5c8a3ad9274257ca4b/transformed/play-services-auth-21.5.0-runtime.jar: R8: Invalid stack map table at instruction index 2: invokespecial Ljava/lang/Object;<init>()V, error: Constructor mismatch, expected constructor from com.google.android.gms.auth.api.identity.zbs, but was java.lang.Object.<init>(). In later version of R8, the method may be assumed not reachable.
WARNING: /Users/apple/.gradle/caches/9.0.0/transforms/4a0864e77273aa5c8a3ad9274257ca4b/transformed/play-services-auth-21.5.0-runtime.jar: R8: Invalid stack map table at instruction index 2: invokespecial Ljava/lang/Object;<init>()V, error: Constructor mismatch, expected constructor from com.google.android.gms.auth.api.identity.zbt, but was java.lang.Object.<init>(). In later version of R8, the method may be assumed not reachable.
WARNING: /Users/apple/.gradle/caches/9.0.0/transforms/4a0864e77273aa5c8a3ad9274257ca4b/transformed/play-services-auth-21.5.0-runtime.jar: R8: Invalid stack map table at instruction index 2: invokespecial Ljava/lang/Object;<init>()V, error: Constructor mismatch, expected constructor from com.google.android.gms.auth.api.identity.zbq, but was java.lang.Object.<init>(). In later version of R8, the method may be assumed not reachable.
WARNING: /Users/apple/.gradle/caches/9.0.0/transforms/4a0864e77273aa5c8a3ad9274257ca4b/transformed/play-services-auth-21.5.0-runtime.jar: R8: Invalid stack map table at instruction index 2: invokespecial Ljava/lang/Object;<init>()V, error: Constructor mismatch, expected constructor from com.google.android.gms.auth.api.identity.zbu, but was java.lang.Object.<init>(). In later version of R8, the method may be assumed not reachable.
WARNING: /Users/apple/.gradle/caches/9.0.0/transforms/4a0864e77273aa5c8a3ad9274257ca4b/transformed/play-services-auth-21.5.0-runtime.jar: R8: Invalid stack map table at instruction index 2: invokespecial Ljava/lang/Object;<init>()V, error: Constructor mismatch, expected constructor from com.google.android.gms.auth.api.identity.zbw, but was java.lang.Object.<init>(). In later version of R8, the method may be assumed not reachable.
WARNING: /Users/apple/.gradle/caches/9.0.0/transforms/4a0864e77273aa5c8a3ad9274257ca4b/transformed/play-services-auth-21.5.0-runtime.jar: R8: Invalid stack map table at instruction index 2: invokespecial Ljava/lang/Object;<init>()V, error: Constructor mismatch, expected constructor from com.google.android.gms.auth.api.identity.zbg, but was java.lang.Object.<init>(). In later version of R8, the method may be assumed not reachable.
WARNING: /Users/apple/.gradle/caches/9.0.0/transforms/4a0864e77273aa5c8a3ad9274257ca4b/transformed/play-services-auth-21.5.0-runtime.jar: R8: Invalid stack map table at instruction index 2: invokespecial Ljava/lang/Object;<init>()V, error: Constructor mismatch, expected constructor from com.google.android.gms.auth.api.signin.zbb, but was java.lang.Object.<init>(). In later version of R8, the method may be assumed not reachable.
WARNING: /Users/apple/.gradle/caches/9.0.0/transforms/4a0864e77273aa5c8a3ad9274257ca4b/transformed/play-services-auth-21.5.0-runtime.jar: R8: Invalid stack map table at instruction index 2: invokespecial Ljava/lang/Object;<init>()V, error: Constructor mismatch, expected constructor from com.google.android.gms.auth.api.signin.internal.zbu, but was java.lang.Object.<init>(). In later version of R8, the method may be assumed not reachable.
WARNING: /Users/apple/.gradle/caches/9.0.0/transforms/4a0864e77273aa5c8a3ad9274257ca4b/transformed/play-services-auth-21.5.0-runtime.jar: R8: Invalid stack map table at instruction index 17: invokespecial Lcom/google/android/gms/auth/api/signin/internal/zbl;<init>(Lcom/google/android/gms/common/api/GoogleApiClient;)V, error: Constructor mismatch, expected constructor from com.google.android.gms.auth.api.signin.internal.zbi, but was com.google.android.gms.auth.api.signin.internal.zbl.<init>(com.google.android.gms.common.api.GoogleApiClient). In later version of R8, the method may be assumed not reachable.
WARNING: /Users/apple/.gradle/caches/9.0.0/transforms/4a0864e77273aa5c8a3ad9274257ca4b/transformed/play-services-auth-21.5.0-runtime.jar: R8: Invalid stack map table at instruction index 20: invokespecial Lcom/google/android/gms/auth/api/signin/internal/zbl;<init>(Lcom/google/android/gms/common/api/GoogleApiClient;)V, error: Constructor mismatch, expected constructor from com.google.android.gms.auth.api.signin.internal.zbk, but was com.google.android.gms.auth.api.signin.internal.zbl.<init>(com.google.android.gms.common.api.GoogleApiClient). In later version of R8, the method may be assumed not reachable.
WARNING: /Users/apple/.gradle/caches/9.0.0/transforms/4a0864e77273aa5c8a3ad9274257ca4b/transformed/play-services-auth-21.5.0-runtime.jar: R8: Invalid stack map table at instruction index 6: invokespecial Lcom/google/android/gms/common/api/Api$AbstractClientBuilder;<init>()V, error: Constructor mismatch, expected constructor from com.google.android.gms.internal.auth-api.zbw, but was com.google.android.gms.common.api.Api$AbstractClientBuilder.<init>(). In later version of R8, the method may be assumed not reachable.
WARNING: /Users/apple/.gradle/caches/9.0.0/transforms/4a0864e77273aa5c8a3ad9274257ca4b/transformed/play-services-auth-21.5.0-runtime.jar: R8: Invalid stack map table at instruction index 6: invokespecial Lcom/google/android/gms/common/api/Api$AbstractClientBuilder;<init>()V, error: Constructor mismatch, expected constructor from com.google.android.gms.internal.auth-api.zbae, but was com.google.android.gms.common.api.Api$AbstractClientBuilder.<init>(). In later version of R8, the method may be assumed not reachable.
WARNING: /Users/apple/.gradle/caches/9.0.0/transforms/4a0864e77273aa5c8a3ad9274257ca4b/transformed/play-services-auth-21.5.0-runtime.jar: R8: Invalid stack map table at instruction index 6: invokespecial Lcom/google/android/gms/common/api/Api$AbstractClientBuilder;<init>()V, error: Constructor mismatch, expected constructor from com.google.android.gms.internal.auth-api.zbak, but was com.google.android.gms.common.api.Api$AbstractClientBuilder.<init>(). In later version of R8, the method may be assumed not reachable.
WARNING: /Users/apple/.gradle/caches/9.0.0/transforms/4a0864e77273aa5c8a3ad9274257ca4b/transformed/play-services-auth-21.5.0-runtime.jar: R8: Invalid stack map table at instruction index 2: invokespecial Ljava/lang/Object;<init>()V, error: Constructor mismatch, expected constructor from com.google.android.gms.internal.auth-api.zbay, but was java.lang.Object.<init>(). In later version of R8, the method may be assumed not reachable.

> Task :app:buildReleasePreBundle
> Task :app:compileReleaseArtProfile UP-TO-DATE
> Task :app:uploadCrashlyticsMappingFileRelease
> Task :app:packageReleaseBundle
> Task :app:signReleaseBundle
> Task :app:produceReleaseBundleIdeListingFile
> Task :app:createReleaseBundleListingFileRedirect UP-TO-DATE
> Task :app:bundleRelease

[Incubating] Problems report is available at: file:///Volumes/Sohail/AI_Projects/mm2values/android/build/reports/problems/problems-report.html

Deprecated Gradle features were used in this build, making it incompatible with Gradle 10.

You can use '--warning-mode all' to show the individual deprecation warnings and determine if they come from your own scripts or plugins.

For more on this, please refer to https://docs.gradle.org/9.0.0/userguide/command_line_interface.html#sec:command_line_warnings in the Gradle documentation.

BUILD SUCCESSFUL in 4m 18s
1528 actionable tasks: 63 executed, 1 from cache, 1464 up-to-date
Consider enabling configuration cache to speed up this build: https://docs.gradle.org/9.0.0/userguide/configuration_cache_enabling.html
